control_name,scope,expected_value,actual_value,drift,status,notes
DAILY_DRIFT,2026-04-07 00:00:00,2293.43,329.45,1963.9799999999998,FAIL,Drift exceeds 1.00 INR
DAILY_DRIFT,2026-04-08 00:00:00,4015.88,3333.4400000000005,682.4399999999996,FAIL,Drift exceeds 1.00 INR
DAILY_DRIFT,2026-04-09 00:00:00,5481.579999999999,2970.0699999999997,2511.5099999999993,FAIL,Drift exceeds 1.00 INR
DAILY_DRIFT,2026-04-10 00:00:00,6844.01,5646.090000000001,1197.9199999999992,FAIL,Drift exceeds 1.00 INR
DAILY_DRIFT,2026-04-11 00:00:00,4932.46,1831.1600000000003,3101.2999999999997,FAIL,Drift exceeds 1.00 INR
DAILY_DRIFT,2026-04-12 00:00:00,4181.589999999999,1523.71,2657.879999999999,FAIL,Drift exceeds 1.00 INR
DAILY_DRIFT,2026-04-13 00:00:00,4893.24,11888.830000000002,-6995.590000000002,FAIL,Drift exceeds 1.00 INR
DAILY_DRIFT,2026-04-14 00:00:00,3493.9700000000003,5951.670000000001,-2457.7000000000007,FAIL,Drift exceeds 1.00 INR
DAILY_DRIFT,2026-04-15 00:00:00,4964.779999999999,3529.5499999999997,1435.229999999999,FAIL,Drift exceeds 1.00 INR
DAILY_DRIFT,2026-04-16 00:00:00,3208.51,3361.9499999999994,-153.43999999999915,FAIL,Drift exceeds 1.00 INR
DAILY_DRIFT,2026-04-17 00:00:00,3482.190000000001,5124.419999999999,-1642.2299999999982,FAIL,Drift exceeds 1.00 INR
DAILY_DRIFT,2026-04-18 00:00:00,7332.059999999999,487.11,6844.949999999999,FAIL,Drift exceeds 1.00 INR
DAILY_DRIFT,2026-04-19 00:00:00,8687.72,1334.96,7352.759999999999,FAIL,Drift exceeds 1.00 INR
DAILY_DRIFT,2026-04-20 00:00:00,4077.98,13219.890000000005,-9141.910000000005,FAIL,Drift exceeds 1.00 INR
DAILY_DRIFT,2026-04-21 00:00:00,4149.389999999999,7809.56,-3660.170000000001,FAIL,Drift exceeds 1.00 INR
DAILY_DRIFT,2026-04-22 00:00:00,9070.56,9226.81,-156.25,FAIL,Drift exceeds 1.00 INR
DAILY_DRIFT,2026-04-23 00:00:00,3535.400000000001,4103.28,-567.8799999999987,FAIL,Drift exceeds 1.00 INR
DAILY_DRIFT,2026-04-24 00:00:00,4155.84,4734.93,-579.0900000000001,FAIL,Drift exceeds 1.00 INR
DAILY_DRIFT,2026-04-25 00:00:00,3780.849999999999,643.39,3137.459999999999,FAIL,Drift exceeds 1.00 INR
DAILY_DRIFT,2026-04-26 00:00:00,5485.29,2940.77,2544.52,FAIL,Drift exceeds 1.00 INR
DAILY_DRIFT,2026-04-27 00:00:00,6496.17,7598.190000000001,-1102.0200000000013,FAIL,Drift exceeds 1.00 INR
DAILY_DRIFT,2026-04-28 00:00:00,6665.06,8132.260000000001,-1467.2000000000007,FAIL,Drift exceeds 1.00 INR
DAILY_DRIFT,2026-04-29 00:00:00,3131.5600000000004,5613.78,-2482.2199999999993,FAIL,Drift exceeds 1.00 INR
DAILY_DRIFT,2026-04-30 00:00:00,6298.729999999999,3561.1900000000005,2737.539999999998,FAIL,Drift exceeds 1.00 INR
DAILY_DRIFT,2026-05-01 00:00:00,4464.9,8655.69,-4190.790000000001,FAIL,Drift exceeds 1.00 INR
DAILY_DRIFT,2026-05-02 00:00:00,8465.15,3057.2499999999995,5407.9,FAIL,Drift exceeds 1.00 INR
DAILY_DRIFT,2026-05-03 00:00:00,6660.2699999999995,2594.07,4066.1999999999994,FAIL,Drift exceeds 1.00 INR
DAILY_DRIFT,2026-05-04 00:00:00,5014.360000000001,15091.989999999998,-10077.629999999997,FAIL,Drift exceeds 1.00 INR
DAILY_DRIFT,2026-05-05 00:00:00,6815.700000000001,8269.870000000004,-1454.1700000000037,FAIL,Drift exceeds 1.00 INR
DAILY_DRIFT,2026-05-06 00:00:00,2625.9800000000005,5834.089999999999,-3208.1099999999988,FAIL,Drift exceeds 1.00 INR
DAILY_DRIFT,2026-05-07 00:00:00,2206.0,2827.1199999999994,-621.1199999999994,FAIL,Drift exceeds 1.00 INR
DAILY_DRIFT,2026-05-08 00:00:00,0.0,1156.96,-1156.96,FAIL,Drift exceeds 1.00 INR
DAILY_DRIFT,2026-05-11 00:00:00,0.0,786.4100000000001,-786.4100000000001,FAIL,Drift exceeds 1.00 INR
DAILY_DRIFT,2026-06-04 00:00:00,0.0,1974.97,-1974.97,FAIL,Drift exceeds 1.00 INR
DAILY_DRIFT,2026-06-05 00:00:00,0.0,98.16,-98.16,FAIL,Drift exceeds 1.00 INR
DAILY_DRIFT,2026-06-06 00:00:00,0.0,14.29,-14.29,FAIL,Drift exceeds 1.00 INR
PAYMENT_METHOD_DRIFT,UPI,67415.34999999998,70715.11999999998,-3299.770000000004,FAIL,Per-method drift threshold 0.50 INR
PAYMENT_METHOD_DRIFT,credit_card,37655.1,38626.75999999999,-971.6599999999889,FAIL,Per-method drift threshold 0.50 INR
PAYMENT_METHOD_DRIFT,manual,0.0,-365.22999999999996,365.22999999999996,FAIL,Per-method drift threshold 0.50 INR
PAYMENT_METHOD_DRIFT,net_banking,22366.569999999992,23544.19999999999,-1177.6299999999974,FAIL,Per-method drift threshold 0.50 INR
PAYMENT_METHOD_DRIFT,wallet,29473.589999999993,32736.479999999996,-3262.890000000003,FAIL,Per-method drift threshold 0.50 INR
BATCH_VALIDATION,BATCH-00073bb2-6475-4f14-842c-61b28111bd4b,157.29,157.29,0.0,PASS,Duplicate_count=0
BATCH_VALIDATION,BATCH-006539c7-f1a1-41c1-ac87-b6a4ea67e36b,287.7,287.7,0.0,PASS,Duplicate_count=0
BATCH_VALIDATION,BATCH-006773bb-5adc-4e05-9589-0dbf654bf283,541.28,541.28,0.0,PASS,Duplicate_count=0
BATCH_VALIDATION,BATCH-00bf4bb5-51a9-46c7-9395-2e62dea61b17,29.36,29.36,0.0,PASS,Duplicate_count=0
BATCH_VALIDATION,BATCH-00f4f003-ef8c-46ab-ae5a-c7dba07febd9,278.29,278.29,0.0,PASS,Duplicate_count=0
BATCH_VALIDATION,BATCH-011a75a6-777a-434b-a151-f02317b77978,42.79,42.79,0.0,PASS,Duplicate_count=0
BATCH_VALIDATION,BATCH-027570d3-b97a-4d68-a345-c2273b9d62a7,29.81,29.81,0.0,PASS,Duplicate_count=0
BATCH_VALIDATION,BATCH-028e9ec5-394e-4c92-a3b7-afa2954511ff,80.39,80.39,0.0,PASS,Duplicate_count=0
BATCH_VALIDATION,BATCH-02a192ab-c600-46b3-974f-67b96fb69211,151.67,151.67,0.0,PASS,Duplicate_count=0
BATCH_VALIDATION,BATCH-03014a45-62cf-4537-95f2-871289a5b6b9,360.1,360.1,0.0,PASS,Duplicate_count=0
BATCH_VALIDATION,BATCH-0444679b-1025-4a73-94d5-51f731832458,58.74,58.74,0.0,PASS,Duplicate_count=0
BATCH_VALIDATION,BATCH-0457562b-8910-49a6-8225-3832f89effd1,72.11,72.11,0.0,PASS,Duplicate_count=0
BATCH_VALIDATION,BATCH-045d3c8c-6297-4ab9-87af-c509de5a30f5,24.56,24.56,0.0,PASS,Duplicate_count=0
BATCH_VALIDATION,BATCH-049876de-435e-4678-b8e5-bfb75dfe3bd0,204.98,204.98,0.0,PASS,Duplicate_count=0
BATCH_VALIDATION,BATCH-04eaca9d-bf2c-4680-8e87-44a7906578b6,142.87,142.87,0.0,PASS,Duplicate_count=0
BATCH_VALIDATION,BATCH-05492a4d-b251-4956-90bb-cac46964badd,41.05,41.05,0.0,PASS,Duplicate_count=0
BATCH_VALIDATION,BATCH-056d4cf7-3f85-44be-8279-781cfef339e8,5.63,5.63,0.0,PASS,Duplicate_count=0
BATCH_VALIDATION,BATCH-06060f54-35bf-4106-9da0-a81e83605f9c,75.41,75.41,0.0,PASS,Duplicate_count=0
BATCH_VALIDATION,BATCH-06c4c761-3c40-4a46-a683-1e41c4bd46cf,2939.75,2939.75,0.0,PASS,Duplicate_count=0
BATCH_VALIDATION,BATCH-06fb2ea3-4642-4214-8832-3504545984cc,136.63,136.63,0.0,PASS,Duplicate_count=0
BATCH_VALIDATION,BATCH-074dd3aa-8d82-4cbf-af24-1637d3189be6,190.7,190.7,0.0,PASS,Duplicate_count=0
BATCH_VALIDATION,BATCH-075e1427-3c20-40f8-b405-28c36605bdeb,130.52,130.52,0.0,PASS,Duplicate_count=0
BATCH_VALIDATION,BATCH-07b74a89-7c3a-45eb-8267-e2d6b518ea70,46.89,46.89,0.0,FAIL,Duplicate_count=1
BATCH_VALIDATION,BATCH-097ec96b-bd86-48e4-b2e6-7f13ecfc6382,13.75,13.75,0.0,PASS,Duplicate_count=0
BATCH_VALIDATION,BATCH-09acd79f-10b2-4a7f-a376-98c3db630535,155.29,155.29,0.0,PASS,Duplicate_count=0
BATCH_VALIDATION,BATCH-09aff266-7752-499d-b0c6-c13b8f9d7a92,19.31,19.31,0.0,PASS,Duplicate_count=0
BATCH_VALIDATION,BATCH-09e5eca7-5781-419d-807b-ce77c0af43d1,50.22,50.22,0.0,PASS,Duplicate_count=0
BATCH_VALIDATION,BATCH-0aa68f6c-4746-4f1f-b872-7bde0d2994e4,12.07,12.07,0.0,PASS,Duplicate_count=0
BATCH_VALIDATION,BATCH-0af62448-3bff-4a74-85c8-d1f34bd78147,82.7,82.7,0.0,PASS,Duplicate_count=0
BATCH_VALIDATION,BATCH-0b12fcd0-936c-4373-8b77-c2a981060f5c,666.12,666.12,0.0,PASS,Duplicate_count=0
BATCH_VALIDATION,BATCH-0b206af9-eb41-425e-af45-ac02e47b4bc6,51.91,51.91,0.0,PASS,Duplicate_count=0
BATCH_VALIDATION,BATCH-0b8e83e5-d446-4947-97fb-f2178d1a0699,421.91,421.91,0.0,PASS,Duplicate_count=0
BATCH_VALIDATION,BATCH-0b95c2af-ad68-4bae-a712-f9b744fcab55,12.4,12.4,0.0,PASS,Duplicate_count=0
BATCH_VALIDATION,BATCH-0bd674ad-b756-4243-a9ff-9e06130038bc,626.06,626.06,0.0,PASS,Duplicate_count=0
BATCH_VALIDATION,BATCH-0c53ba11-4a28-4043-8f27-7ca050206de6,72.57,72.57,0.0,PASS,Duplicate_count=0
BATCH_VALIDATION,BATCH-0c890d6d-8b8f-42fa-bea2-d6ce4e9aa265,719.66,719.66,0.0,PASS,Duplicate_count=0
BATCH_VALIDATION,BATCH-0c8a3d1d-bf10-462c-8b32-a187100bfb5a,147.71,147.71,0.0,PASS,Duplicate_count=0
BATCH_VALIDATION,BATCH-0e2986ed-12d4-4790-ace7-54706e3c99bb,239.01,239.01,0.0,PASS,Duplicate_count=0
BATCH_VALIDATION,BATCH-0e8dc558-9762-475f-9d8c-43035c4da9dc,171.7,171.7,0.0,PASS,Duplicate_count=0
BATCH_VALIDATION,BATCH-0edd0fc3-b654-4e3e-b215-eb300f9fe7b2,67.74,67.74,0.0,PASS,Duplicate_count=0
BATCH_VALIDATION,BATCH-0f3d7ff8-f406-4a83-b72b-7ace8e501d2d,462.25,462.25,0.0,PASS,Duplicate_count=0
BATCH_VALIDATION,BATCH-0f463679-61f4-40dc-9ca3-75077fc6c0e1,89.81,89.81,0.0,PASS,Duplicate_count=0
BATCH_VALIDATION,BATCH-0f8781c0-187a-44f1-b18a-b96ebf567475,123.28,123.28,0.0,PASS,Duplicate_count=0
BATCH_VALIDATION,BATCH-0f963d39-713e-4c85-b6b5-3c649bae32db,716.54,716.54,0.0,PASS,Duplicate_count=0
BATCH_VALIDATION,BATCH-0ff1a95d-6546-466d-8bd9-fe34b39d8e8f,63.95,63.95,0.0,PASS,Duplicate_count=0
BATCH_VALIDATION,BATCH-116c711a-b879-4c9f-88c0-10e2e08d6125,60.05,60.05,0.0,PASS,Duplicate_count=0
BATCH_VALIDATION,BATCH-126142c9-a6f5-4439-9c5b-8c882b2f7d35,125.79,125.79,0.0,PASS,Duplicate_count=0
BATCH_VALIDATION,BATCH-1329ce62-e057-4616-bacd-481f2847d532,57.61,57.61,0.0,PASS,Duplicate_count=0
BATCH_VALIDATION,BATCH-134cd85d-622c-4526-8263-8acf9f030f98,108.69,108.69,0.0,PASS,Duplicate_count=0
BATCH_VALIDATION,BATCH-137d8c87-50d4-40b2-98b0-4954435c22d1,342.92,342.92,0.0,PASS,Duplicate_count=0
BATCH_VALIDATION,BATCH-13f30a76-7c75-4623-82e9-78d4d527e40b,298.8,298.8,0.0,PASS,Duplicate_count=0
BATCH_VALIDATION,BATCH-1414f1d4-03ab-43df-853f-f2d6fdf8378f,51.25,51.25,0.0,PASS,Duplicate_count=0
BATCH_VALIDATION,BATCH-1445328a-e003-42d2-adc8-b8c498a1d827,97.44,97.44,0.0,PASS,Duplicate_count=0
BATCH_VALIDATION,BATCH-150dc772-b2ac-4c6b-ba8b-0212571d316b,436.06,436.06,0.0,PASS,Duplicate_count=0
BATCH_VALIDATION,BATCH-15552107-8e84-468a-99ba-d2e503d88a1b,808.52,808.52,0.0,FAIL,Duplicate_count=2
BATCH_VALIDATION,BATCH-15ae03b0-ab60-4353-8660-35e346e48463,55.14,55.14,0.0,FAIL,Duplicate_count=1
BATCH_VALIDATION,BATCH-15bca94f-267b-49be-8122-f43e98207065,97.62,97.62,0.0,PASS,Duplicate_count=0
BATCH_VALIDATION,BATCH-1604d7bb-cf00-4e65-ac27-bc904cd44c33,119.74,119.74,0.0,PASS,Duplicate_count=0
BATCH_VALIDATION,BATCH-1637cd10-1d12-4605-8de9-f4a547bfea26,324.46,324.46,0.0,PASS,Duplicate_count=0
BATCH_VALIDATION,BATCH-16f0147f-9626-42ab-931b-6981f8404521,75.42,75.42,0.0,PASS,Duplicate_count=0
BATCH_VALIDATION,BATCH-172b69a2-c07f-4fd0-b40e-a9dd67d174c7,15.85,15.85,0.0,PASS,Duplicate_count=0
BATCH_VALIDATION,BATCH-177f5900-1695-43dd-b3b2-1a974e3eb2d2,150.43,150.43,0.0,PASS,Duplicate_count=0
BATCH_VALIDATION,BATCH-179e1f48-7def-47ee-992a-616a77429d0a,988.39,988.39,0.0,PASS,Duplicate_count=0
BATCH_VALIDATION,BATCH-182a0995-bfd5-4c17-83c1-fb35f5538cae,826.66,826.66,0.0,PASS,Duplicate_count=0
BATCH_VALIDATION,BATCH-1858eea5-d8af-423a-ab02-bb10b60765b9,24.74,24.74,0.0,PASS,Duplicate_count=0
BATCH_VALIDATION,BATCH-18d81990-dc68-4cff-a53a-9ead3d0faee1,33.4,33.4,0.0,PASS,Duplicate_count=0
BATCH_VALIDATION,BATCH-19340684-1e51-4ea0-9265-bdd88ac1d6dd,2970.94,2970.94,0.0,PASS,Duplicate_count=0
BATCH_VALIDATION,BATCH-1979e46c-d99c-4268-8d7e-41386fc08474,134.97,134.97,0.0,PASS,Duplicate_count=0
BATCH_VALIDATION,BATCH-198e8a7f-2eeb-4783-b935-e20fdbd68864,47.46,47.46,0.0,PASS,Duplicate_count=0
BATCH_VALIDATION,BATCH-199f5256-2906-42de-8e91-a103b5e55865,36.03,36.03,0.0,PASS,Duplicate_count=0
BATCH_VALIDATION,BATCH-19b6d92d-eb35-41e1-8bf7-08e06487d058,119.26,119.26,0.0,PASS,Duplicate_count=0
BATCH_VALIDATION,BATCH-1a10ded6-cc7b-476f-93ce-392e0a9beca7,273.94,273.94,0.0,PASS,Duplicate_count=0
BATCH_VALIDATION,BATCH-1a7776e5-a06b-49c4-81fd-785c813064f1,442.85,442.85,0.0,PASS,Duplicate_count=0
BATCH_VALIDATION,BATCH-1aad85dc-13a7-4cc8-a5ea-6c138a489411,60.85,60.85,0.0,PASS,Duplicate_count=0
BATCH_VALIDATION,BATCH-1b0b6edf-8a33-47c3-ab01-20a395ea799f,102.46,102.46,0.0,PASS,Duplicate_count=0
BATCH_VALIDATION,BATCH-1c54b041-8089-46c6-ad41-1c879feafa0c,167.26,167.26,0.0,PASS,Duplicate_count=0
BATCH_VALIDATION,BATCH-1c584a65-4da7-423c-9e08-42302d85a056,217.61,217.61,0.0,PASS,Duplicate_count=0
BATCH_VALIDATION,BATCH-1ca4318e-c30b-4c35-9e53-8412b2d2da4f,50.01,50.01,0.0,PASS,Duplicate_count=0
BATCH_VALIDATION,BATCH-1cd49e07-02e2-4efd-ab67-b065c9f3f227,112.15,112.15,0.0,PASS,Duplicate_count=0
BATCH_VALIDATION,BATCH-1d2da1ad-c872-4749-884f-ca78d6fe88b1,104.11,104.11,0.0,PASS,Duplicate_count=0
BATCH_VALIDATION,BATCH-1d34bec3-f863-4630-841b-29392b73cdf7,19.48,19.48,0.0,PASS,Duplicate_count=0
BATCH_VALIDATION,BATCH-1d6241c3-6372-4575-9b0e-8682837c8d62,80.2,80.2,0.0,PASS,Duplicate_count=0
BATCH_VALIDATION,BATCH-1d8d7689-1473-4ba9-a7cc-8c58be0a95cf,192.9,192.9,0.0,PASS,Duplicate_count=0
BATCH_VALIDATION,BATCH-1e2cbfaf-540e-4a30-9580-4c2bcaa80d91,13.18,13.18,0.0,PASS,Duplicate_count=0
BATCH_VALIDATION,BATCH-1ef2e4e8-4f85-4f51-aa26-69e773fec33a,175.96,175.96,0.0,PASS,Duplicate_count=0
BATCH_VALIDATION,BATCH-1f64ae2d-d551-476d-b497-16055d3296b7,114.13,114.13,0.0,PASS,Duplicate_count=0
BATCH_VALIDATION,BATCH-1f6c3635-8ea8-4510-9b4d-e7f2bbb2a4a6,133.43,133.43,0.0,PASS,Duplicate_count=0
BATCH_VALIDATION,BATCH-1fc3c72d-099c-40dd-851e-69cedde33924,142.6,142.6,0.0,PASS,Duplicate_count=0
BATCH_VALIDATION,BATCH-2026-04-10,2401.54,2401.54,0.0,FAIL,Duplicate_count=2
BATCH_VALIDATION,BATCH-2026-04-13,1948.03,1948.03,0.0,PASS,Duplicate_count=0
BATCH_VALIDATION,BATCH-2026-04-14,1735.73,1735.73,0.0,FAIL,Duplicate_count=2
BATCH_VALIDATION,BATCH-2026-04-15,563.48,563.48,0.0,FAIL,Duplicate_count=1
BATCH_VALIDATION,BATCH-2026-04-16,233.21999999999997,233.21999999999997,0.0,PASS,Duplicate_count=0
BATCH_VALIDATION,BATCH-2026-04-17,1341.53,1341.53,0.0,PASS,Duplicate_count=0
BATCH_VALIDATION,BATCH-2026-04-20,1125.04,1125.04,0.0,FAIL,Duplicate_count=1
BATCH_VALIDATION,BATCH-2026-04-21,1368.16,1368.16,0.0,PASS,Duplicate_count=0
BATCH_VALIDATION,BATCH-2026-04-22,925.8,925.8,0.0,PASS,Duplicate_count=0
BATCH_VALIDATION,BATCH-2026-04-23,361.56,361.56,0.0,PASS,Duplicate_count=0
BATCH_VALIDATION,BATCH-2026-04-24,715.49,715.49,0.0,FAIL,Duplicate_count=1
BATCH_VALIDATION,BATCH-2026-04-27,2027.64,2027.64,0.0,PASS,Duplicate_count=0
BATCH_VALIDATION,BATCH-2026-04-28,965.69,965.69,0.0,PASS,Duplicate_count=0
BATCH_VALIDATION,BATCH-2026-04-29,918.73,918.73,0.0,PASS,Duplicate_count=0
BATCH_VALIDATION,BATCH-2026-04-30,1004.52,1004.52,0.0,PASS,Duplicate_count=0
BATCH_VALIDATION,BATCH-2026-05-01,1878.69,1878.69,0.0,PASS,Duplicate_count=0
BATCH_VALIDATION,BATCH-2026-05-02,329.46,329.46,0.0,FAIL,Duplicate_count=5
BATCH_VALIDATION,BATCH-2026-05-03,428.39,428.39,0.0,FAIL,Duplicate_count=2
BATCH_VALIDATION,BATCH-2026-05-04,2865.4,2865.4,0.0,FAIL,Duplicate_count=4
BATCH_VALIDATION,BATCH-2026-05-05,2235.56,2235.56,0.0,FAIL,Duplicate_count=8
BATCH_VALIDATION,BATCH-2026-05-06,1043.8,1043.8,0.0,FAIL,Duplicate_count=3
BATCH_VALIDATION,BATCH-2026-05-07,587.59,587.59,0.0,FAIL,Duplicate_count=2
BATCH_VALIDATION,BATCH-2026-05-08,421.92999999999995,421.92999999999995,0.0,PASS,Duplicate_count=0
BATCH_VALIDATION,BATCH-2026-05-11,109.07,109.07,0.0,PASS,Duplicate_count=0
BATCH_VALIDATION,BATCH-2026-06-04,1974.97,1974.97,0.0,FAIL,Duplicate_count=3
BATCH_VALIDATION,BATCH-2026-06-05,98.16,98.16,0.0,FAIL,Duplicate_count=1
BATCH_VALIDATION,BATCH-2026-06-06,14.29,14.29,0.0,FAIL,Duplicate_count=1
BATCH_VALIDATION,BATCH-2030192f-2104-4eb4-8077-f13b0a462398,23.94,23.94,0.0,PASS,Duplicate_count=0
BATCH_VALIDATION,BATCH-203b8c1b-1c6a-4337-bfe1-0df3c5a852e4,16.69,16.69,0.0,PASS,Duplicate_count=0
BATCH_VALIDATION,BATCH-2054cc0c-37fa-4ab6-a1e0-96176b6a0da3,50.35,50.35,0.0,PASS,Duplicate_count=0
BATCH_VALIDATION,BATCH-21ed4d2b-7f1d-4851-9351-8091ea5b9832,28.79,28.79,0.0,PASS,Duplicate_count=0
BATCH_VALIDATION,BATCH-2204d10d-924d-44d0-a822-0bf5c6be85ad,5.09,5.09,0.0,PASS,Duplicate_count=0
BATCH_VALIDATION,BATCH-221272fa-d9ca-4885-934a-664ac505c579,729.76,729.76,0.0,PASS,Duplicate_count=0
BATCH_VALIDATION,BATCH-22ad0fc2-c631-425a-bdab-4e5695564dea,224.12,224.12,0.0,PASS,Duplicate_count=0
BATCH_VALIDATION,BATCH-23212d85-c641-40e5-8083-4d06c07488c7,4.99,4.99,0.0,PASS,Duplicate_count=0
BATCH_VALIDATION,BATCH-235dabf2-04d2-42b5-a56f-c9796efbad34,67.54,67.54,0.0,PASS,Duplicate_count=0
BATCH_VALIDATION,BATCH-23e714b4-119a-4ece-89a4-4bb0169c99a0,6.04,6.04,0.0,PASS,Duplicate_count=0
BATCH_VALIDATION,BATCH-23eef027-7c39-4bb7-9a88-d04d36a4bb06,91.38,91.38,0.0,PASS,Duplicate_count=0
BATCH_VALIDATION,BATCH-2462243e-5b46-4474-b267-37c23d6fd169,50.54,50.54,0.0,FAIL,Duplicate_count=2
BATCH_VALIDATION,BATCH-247c0982-5e8f-4f00-8c96-5c6ecb883fb1,26.02,26.02,0.0,PASS,Duplicate_count=0
BATCH_VALIDATION,BATCH-250f6841-667e-41bf-be0a-2398ad5db6e2,385.69,385.69,0.0,PASS,Duplicate_count=0
BATCH_VALIDATION,BATCH-25d4e3c9-457b-44aa-a3b5-f338cb24bd35,27.46,27.46,0.0,PASS,Duplicate_count=0
BATCH_VALIDATION,BATCH-25e30351-4158-46b7-8f43-6cb148edea7b,10.7,10.7,0.0,PASS,Duplicate_count=0
BATCH_VALIDATION,BATCH-2625a063-7984-4716-ad2d-705c2ef70174,233.24,233.24,0.0,PASS,Duplicate_count=0
BATCH_VALIDATION,BATCH-265730be-e410-49f0-8709-e8ef4b4a6bbf,775.3,775.3,0.0,PASS,Duplicate_count=0
BATCH_VALIDATION,BATCH-265a8269-ee7b-41c8-8038-774d8559d97b,200.08,200.08,0.0,PASS,Duplicate_count=0
BATCH_VALIDATION,BATCH-273548b8-a535-4aa6-9619-c0b1186c31e3,238.68,238.68,0.0,PASS,Duplicate_count=0
BATCH_VALIDATION,BATCH-27ec69b5-9bc9-4dea-a92a-55c31fd2f148,152.56,152.56,0.0,PASS,Duplicate_count=0
BATCH_VALIDATION,BATCH-288c849c-c91c-4825-bf8b-4ea0fe5255fa,31.85,31.85,0.0,PASS,Duplicate_count=0
BATCH_VALIDATION,BATCH-288f38bc-bfa5-4ae3-9a50-3b8cff09fba6,110.65,110.65,0.0,PASS,Duplicate_count=0
BATCH_VALIDATION,BATCH-291ceb89-855a-4485-8603-a610e4858475,24.86,24.86,0.0,PASS,Duplicate_count=0
BATCH_VALIDATION,BATCH-2a4c7e17-8a8b-4496-8a4b-16443328039e,41.12,41.12,0.0,PASS,Duplicate_count=0
BATCH_VALIDATION,BATCH-2a53b919-3808-49ca-ac5e-5f3ef63ff4de,239.88,239.88,0.0,PASS,Duplicate_count=0
BATCH_VALIDATION,BATCH-2aa17a0a-ee39-4343-8af1-a5103bda487d,20.85,20.85,0.0,PASS,Duplicate_count=0
BATCH_VALIDATION,BATCH-2bca88f2-f51d-4a29-ba49-c89f7cc61e89,22.92,22.92,0.0,PASS,Duplicate_count=0
BATCH_VALIDATION,BATCH-2beffedb-cced-40a0-8700-8607457e0c14,23.75,23.75,0.0,PASS,Duplicate_count=0
BATCH_VALIDATION,BATCH-2bf9aa8f-347d-4dc6-9ae7-f2af6658622f,58.99,58.99,0.0,PASS,Duplicate_count=0
BATCH_VALIDATION,BATCH-2bfd02b0-934e-4a9f-8c5a-e6b83c20d996,461.82,461.82,0.0,PASS,Duplicate_count=0
BATCH_VALIDATION,BATCH-2c72bc85-bfaf-4688-9a3f-ea4b548ba84f,21.43,21.43,0.0,PASS,Duplicate_count=0
BATCH_VALIDATION,BATCH-2d021d99-6bd2-4c12-8421-6daab99d041e,29.1,29.1,0.0,PASS,Duplicate_count=0
BATCH_VALIDATION,BATCH-2d081b2f-e2a6-4f74-a6e5-87038b891fc4,27.12,27.12,0.0,PASS,Duplicate_count=0
BATCH_VALIDATION,BATCH-2d7bad35-e15f-422b-acc7-75eb8eb7c37a,156.22,156.22,0.0,PASS,Duplicate_count=0
BATCH_VALIDATION,BATCH-2d7cd9d8-c518-45b7-b671-38ab1c705222,83.92,83.92,0.0,PASS,Duplicate_count=0
BATCH_VALIDATION,BATCH-2dd21cbb-327c-422b-a05d-966ed276149c,24.24,24.24,0.0,PASS,Duplicate_count=0
BATCH_VALIDATION,BATCH-2de70c8e-bfb0-48f4-a52d-4979be8e0efb,19.44,19.44,0.0,PASS,Duplicate_count=0
BATCH_VALIDATION,BATCH-2e81940a-ef1d-4f68-aaaf-367a3a2ec873,193.44,193.44,0.0,PASS,Duplicate_count=0
BATCH_VALIDATION,BATCH-2eb7290d-5932-476f-b436-2c14639493e3,38.52,38.52,0.0,PASS,Duplicate_count=0
BATCH_VALIDATION,BATCH-2f045670-21d4-4a32-a58b-c1acd0d37f54,93.21,93.21,0.0,PASS,Duplicate_count=0
BATCH_VALIDATION,BATCH-2f32d821-add0-4a33-838c-3abeabaf4556,21.93,21.93,0.0,PASS,Duplicate_count=0
BATCH_VALIDATION,BATCH-2f494c91-99e8-4f39-bb4f-327cc2815748,173.9,173.9,0.0,PASS,Duplicate_count=0
BATCH_VALIDATION,BATCH-2f4ffc4e-6b49-4e50-ad14-cd13eb4d4b4a,32.34,32.34,0.0,PASS,Duplicate_count=0
BATCH_VALIDATION,BATCH-2fc628aa-b55b-4dbc-b76b-549dd20e0f68,20.23,20.23,0.0,PASS,Duplicate_count=0
BATCH_VALIDATION,BATCH-308bb471-57a6-4b15-a6fd-967dc2e5391e,342.25,342.25,0.0,PASS,Duplicate_count=0
BATCH_VALIDATION,BATCH-30bb361d-725a-4e94-9cd0-4835c2126111,189.24,189.24,0.0,PASS,Duplicate_count=0
BATCH_VALIDATION,BATCH-312a1c15-38ea-46a5-b460-9556d696536e,78.17,78.17,0.0,PASS,Duplicate_count=0
BATCH_VALIDATION,BATCH-321e9dcd-0288-45a1-80f3-e6823fccb1de,317.03,317.03,0.0,PASS,Duplicate_count=0
BATCH_VALIDATION,BATCH-323042ad-722d-40c8-bb51-9ecadb199763,54.07,54.07,0.0,PASS,Duplicate_count=0
BATCH_VALIDATION,BATCH-3241daa3-f6b9-4d88-bfec-e8aee4299832,25.45,25.45,0.0,PASS,Duplicate_count=0
BATCH_VALIDATION,BATCH-326883dc-a4c2-4af8-8311-a7104c66a8a3,51.69,51.69,0.0,PASS,Duplicate_count=0
BATCH_VALIDATION,BATCH-32707eee-45b9-47d8-8fd4-7f62d86fdbd2,153.09,153.09,0.0,FAIL,Duplicate_count=1
BATCH_VALIDATION,BATCH-328c362e-192f-4b0b-8276-92ed2e340007,42.39,42.39,0.0,PASS,Duplicate_count=0
BATCH_VALIDATION,BATCH-32f55ef7-37c3-488c-bb10-bbeab30bbda6,8.26,8.26,0.0,PASS,Duplicate_count=0
BATCH_VALIDATION,BATCH-33dd0e73-b28b-4c6a-955a-0cb564dd83e1,59.24,59.24,0.0,PASS,Duplicate_count=0
BATCH_VALIDATION,BATCH-3410c028-cb0b-45c6-9000-38e8761afe8d,15.71,15.71,0.0,PASS,Duplicate_count=0
BATCH_VALIDATION,BATCH-346452e0-4d3d-459c-a105-76268dd90456,91.26,91.26,0.0,PASS,Duplicate_count=0
BATCH_VALIDATION,BATCH-34e3cb6d-7a3a-409a-971a-725d29f056d8,8.23,8.23,0.0,PASS,Duplicate_count=0
BATCH_VALIDATION,BATCH-351f2c3d-f2ad-4025-8c52-c7b8d7ff319f,42.36,42.36,0.0,PASS,Duplicate_count=0
BATCH_VALIDATION,BATCH-35a26156-7072-485d-932b-f6d3d6b2b75f,5.76,5.76,0.0,PASS,Duplicate_count=0
BATCH_VALIDATION,BATCH-35cbcfef-fe5f-48fe-91a8-9e537b1e7d56,56.39,56.39,0.0,PASS,Duplicate_count=0
BATCH_VALIDATION,BATCH-35db5b52-82b6-490b-8d6f-fc99c7c1ef0e,84.78,84.78,0.0,PASS,Duplicate_count=0
BATCH_VALIDATION,BATCH-3729537d-f038-48ac-adf1-ee62875964d3,167.08,167.08,0.0,PASS,Duplicate_count=0
BATCH_VALIDATION,BATCH-3741ff17-0ae6-41ed-bb78-e57e99c1a34c,282.16,282.16,0.0,PASS,Duplicate_count=0
BATCH_VALIDATION,BATCH-37b598dd-7408-4763-a667-1e15cb20621e,182.93,182.93,0.0,PASS,Duplicate_count=0
BATCH_VALIDATION,BATCH-37d6a966-9043-4cfd-95ef-4877e17470ae,11.88,11.88,0.0,PASS,Duplicate_count=0
BATCH_VALIDATION,BATCH-38f32924-21ec-4693-b037-e44eb40bd48d,32.33,32.33,0.0,PASS,Duplicate_count=0
BATCH_VALIDATION,BATCH-39643be7-8fe3-470f-a6a3-65714b735786,380.07,380.07,0.0,PASS,Duplicate_count=0
BATCH_VALIDATION,BATCH-397c3f8f-951e-40f6-8130-4a6d2c9ec350,153.74,153.74,0.0,PASS,Duplicate_count=0
BATCH_VALIDATION,BATCH-3a5751df-dd5f-482c-a3e8-155c02a8e600,69.91,69.91,0.0,PASS,Duplicate_count=0
BATCH_VALIDATION,BATCH-3a6ae925-f1c5-47b9-bfef-deae45bc61d0,90.67,90.67,0.0,PASS,Duplicate_count=0
BATCH_VALIDATION,BATCH-3b5e9154-5230-4264-8f48-b718f0d3114c,27.7,27.7,0.0,PASS,Duplicate_count=0
BATCH_VALIDATION,BATCH-3c27b18e-a668-48e0-afe5-c467af2ae50b,30.75,30.75,0.0,PASS,Duplicate_count=0
BATCH_VALIDATION,BATCH-3cd2deca-b840-4867-ad3c-284d694e47fb,40.23,40.23,0.0,PASS,Duplicate_count=0
BATCH_VALIDATION,BATCH-3d4e829a-334f-4c3e-8d3e-fc87cb6e68c7,47.43,47.43,0.0,PASS,Duplicate_count=0
BATCH_VALIDATION,BATCH-3dcd1d9f-9e4d-4da9-befb-80a2f00e8f88,111.26,111.26,0.0,PASS,Duplicate_count=0
BATCH_VALIDATION,BATCH-3defa27c-3a54-4660-94d1-ff6af14bc65a,53.38,53.38,0.0,PASS,Duplicate_count=0
BATCH_VALIDATION,BATCH-3e1c39cf-1ff9-4e47-aa39-22f4f7f7290b,84.65,84.65,0.0,PASS,Duplicate_count=0
BATCH_VALIDATION,BATCH-3e4e262c-5316-4cd2-9b2c-3ff73393df6c,61.59,61.59,0.0,PASS,Duplicate_count=0
BATCH_VALIDATION,BATCH-3e58c925-fb55-4af5-aca8-5d220df6a96c,77.69,77.69,0.0,PASS,Duplicate_count=0
BATCH_VALIDATION,BATCH-3e6ea458-49c3-4a71-bfd8-3bffa395d48c,143.69,143.69,0.0,PASS,Duplicate_count=0
BATCH_VALIDATION,BATCH-3eddc2cd-7359-4839-b7b6-71e65df7e5fd,162.21,162.21,0.0,FAIL,Duplicate_count=1
BATCH_VALIDATION,BATCH-3f1f17f1-58b3-4d21-90a1-45d331040105,374.38,374.38,0.0,PASS,Duplicate_count=0
BATCH_VALIDATION,BATCH-3fbb3b78-cfb4-4fc8-afe9-8270dd8f33dc,119.01,119.01,0.0,PASS,Duplicate_count=0
BATCH_VALIDATION,BATCH-400740e7-5014-44f0-aa1b-3c7ad9faee0b,59.69,59.69,0.0,PASS,Duplicate_count=0
BATCH_VALIDATION,BATCH-409cd935-0027-43dc-b5dc-2e35b3ea730c,17.29,17.29,0.0,PASS,Duplicate_count=0
BATCH_VALIDATION,BATCH-40a5da38-0a64-438b-9d26-b43a78b3bfd7,245.21,245.21,0.0,PASS,Duplicate_count=0
BATCH_VALIDATION,BATCH-40e95c38-618e-467a-85a0-0207e07991ca,211.34,211.34,0.0,PASS,Duplicate_count=0
BATCH_VALIDATION,BATCH-40f6c50f-e35c-4bcf-aa9f-6df96275e273,76.81,76.81,0.0,PASS,Duplicate_count=0
BATCH_VALIDATION,BATCH-4107bcac-6d5e-41a1-84cb-40c47827128f,91.33,91.33,0.0,PASS,Duplicate_count=0
BATCH_VALIDATION,BATCH-41b7c9cf-9c6d-4a4a-a72d-48db8e5423dc,54.67,54.67,0.0,PASS,Duplicate_count=0
BATCH_VALIDATION,BATCH-41c39f02-5ab7-4473-bdd8-5f9136e0d6bf,70.35,70.35,0.0,PASS,Duplicate_count=0
BATCH_VALIDATION,BATCH-420879ec-938b-4d92-ab00-f6458c3d38fd,66.42,66.42,0.0,PASS,Duplicate_count=0
BATCH_VALIDATION,BATCH-4232ae29-8d65-4267-9c60-c5af64e94be3,367.05,367.05,0.0,FAIL,Duplicate_count=1
BATCH_VALIDATION,BATCH-428c91ca-ff93-4808-840b-749f3ac541f9,194.95,194.95,0.0,PASS,Duplicate_count=0
BATCH_VALIDATION,BATCH-42aceb82-ae1d-4cb3-8d7e-bb112dc922da,22.06,22.06,0.0,PASS,Duplicate_count=0
BATCH_VALIDATION,BATCH-435181e3-c009-4ced-8ab6-c79a085991f6,34.2,34.2,0.0,PASS,Duplicate_count=0
BATCH_VALIDATION,BATCH-44cd7309-50c9-4f93-9d40-f8a43447ea2c,119.38,119.38,0.0,PASS,Duplicate_count=0
BATCH_VALIDATION,BATCH-45078d6e-1360-4c59-ba7a-6fbaf622bab7,12.89,12.89,0.0,PASS,Duplicate_count=0
BATCH_VALIDATION,BATCH-454ecaad-2533-49af-857b-237685ddd426,709.76,709.76,0.0,PASS,Duplicate_count=0
BATCH_VALIDATION,BATCH-4552f9c4-e9e0-4523-a1b0-5b88ee06cbff,19.35,19.35,0.0,PASS,Duplicate_count=0
BATCH_VALIDATION,BATCH-46271d29-8cac-4bf3-922c-2f613a08e3c6,128.47,128.47,0.0,PASS,Duplicate_count=0
BATCH_VALIDATION,BATCH-463b5f3d-c440-4105-8a62-2bfbd5ab73ce,74.41,74.41,0.0,PASS,Duplicate_count=0
BATCH_VALIDATION,BATCH-464bae01-f24d-491b-b184-1e8daaf9cde0,109.1,109.1,0.0,PASS,Duplicate_count=0
BATCH_VALIDATION,BATCH-46685f4a-747d-4775-b244-f448cb700352,63.0,63.0,0.0,PASS,Duplicate_count=0
BATCH_VALIDATION,BATCH-471f4516-04a5-4a3b-83f7-c6089a0a3977,41.06,41.06,0.0,PASS,Duplicate_count=0
BATCH_VALIDATION,BATCH-4724ce5b-db04-4e5e-9a98-9fee785c228f,100.34,100.34,0.0,PASS,Duplicate_count=0
BATCH_VALIDATION,BATCH-47fb62dd-862e-46ca-8d72-b9b9eb404d2c,11.1,11.1,0.0,PASS,Duplicate_count=0
BATCH_VALIDATION,BATCH-481b44c4-380e-4170-8e94-3c7465fdbf65,39.76,39.76,0.0,PASS,Duplicate_count=0
BATCH_VALIDATION,BATCH-4989f723-b49c-4577-9cb4-5fdffa920df3,44.62,44.62,0.0,PASS,Duplicate_count=0
BATCH_VALIDATION,BATCH-498b4e0c-32a1-4066-b357-4f13b8ebcb8c,260.78,260.78,0.0,PASS,Duplicate_count=0
BATCH_VALIDATION,BATCH-49ab4354-bf13-4f4f-8f33-d1adbcec14f4,144.77,144.77,0.0,PASS,Duplicate_count=0
BATCH_VALIDATION,BATCH-4a2f588d-61d9-484d-b6de-0c290cc6bd03,348.17,348.17,0.0,PASS,Duplicate_count=0
BATCH_VALIDATION,BATCH-4b488819-8e1f-42ee-8e5a-c4523af7875a,50.66,50.66,0.0,PASS,Duplicate_count=0
BATCH_VALIDATION,BATCH-4ba7db87-e82e-464d-ac7a-6e123ecc8f18,40.5,40.5,0.0,PASS,Duplicate_count=0
BATCH_VALIDATION,BATCH-4bb968c9-a4d8-433e-9e0f-f8171b8794f7,20.08,20.08,0.0,PASS,Duplicate_count=0
BATCH_VALIDATION,BATCH-4bc78e64-4b5f-491e-be20-c37008087833,221.64,221.64,0.0,PASS,Duplicate_count=0
BATCH_VALIDATION,BATCH-4be133a9-2a20-41df-b54b-cda06945a4ef,67.07,67.07,0.0,PASS,Duplicate_count=0
BATCH_VALIDATION,BATCH-4c37dd94-dd95-48d3-941f-955df280658f,364.44,364.44,0.0,PASS,Duplicate_count=0
BATCH_VALIDATION,BATCH-4c7f1e2f-2f42-4d21-8b54-e62f73319a44,58.58,58.58,0.0,PASS,Duplicate_count=0
BATCH_VALIDATION,BATCH-4e15d095-7236-43e0-b514-2c6a8be453eb,70.56,70.56,0.0,PASS,Duplicate_count=0
BATCH_VALIDATION,BATCH-4e2a048a-ccca-4536-9461-55dc13c5f86d,32.95,32.95,0.0,PASS,Duplicate_count=0
BATCH_VALIDATION,BATCH-4e5412e6-e758-4c34-a3a5-c098aa5c005a,989.06,989.06,0.0,PASS,Duplicate_count=0
BATCH_VALIDATION,BATCH-4eac2242-fa5f-4253-b3e0-2dbc639acc13,93.63,93.63,0.0,PASS,Duplicate_count=0
BATCH_VALIDATION,BATCH-4f57d92c-0e91-4947-8d08-defadf6b81f0,9.64,9.64,0.0,PASS,Duplicate_count=0
BATCH_VALIDATION,BATCH-4f8dbe03-a99f-4fbb-91b9-dad2065ecd0e,119.04,119.04,0.0,PASS,Duplicate_count=0
BATCH_VALIDATION,BATCH-4fa48f2a-c5c9-4e2a-8a7d-b8e470a9ece6,45.99,45.99,0.0,PASS,Duplicate_count=0
BATCH_VALIDATION,BATCH-50104666-6139-4d97-8b12-52391291fe0b,58.3,58.3,0.0,PASS,Duplicate_count=0
BATCH_VALIDATION,BATCH-513d9643-eacf-4190-a18d-60ca180f0b75,66.53,66.53,0.0,PASS,Duplicate_count=0
BATCH_VALIDATION,BATCH-515028c6-5b10-4191-b59d-f14b9c3fd798,21.72,21.72,0.0,PASS,Duplicate_count=0
BATCH_VALIDATION,BATCH-51c1f9ff-c980-452b-9d77-0db0d9e448d1,258.3,258.3,0.0,FAIL,Duplicate_count=1
BATCH_VALIDATION,BATCH-51c40904-1d9c-4983-8c61-129598ad5512,2032.88,2032.88,0.0,PASS,Duplicate_count=0
BATCH_VALIDATION,BATCH-51f5e105-9727-43ec-859b-f19951ec256f,256.14,256.14,0.0,PASS,Duplicate_count=0
BATCH_VALIDATION,BATCH-5266b39d-661d-422d-8004-66e395678e12,30.58,30.58,0.0,PASS,Duplicate_count=0
BATCH_VALIDATION,BATCH-5287eef2-d4ba-49fb-a6e6-90057cee08e2,46.23,46.23,0.0,PASS,Duplicate_count=0
BATCH_VALIDATION,BATCH-5318f433-936e-4230-9fe7-7f581b8ffc3e,150.86,150.86,0.0,PASS,Duplicate_count=0
BATCH_VALIDATION,BATCH-535272a3-32d3-48cb-8307-1a6b0575f0fe,21.62,21.62,0.0,PASS,Duplicate_count=0
BATCH_VALIDATION,BATCH-53e2c10d-8d0f-4f83-9550-3187b5d81492,180.45,180.45,0.0,PASS,Duplicate_count=0
BATCH_VALIDATION,BATCH-549cef57-2a71-4b5d-b268-80e4d8250ca1,299.49,299.49,0.0,PASS,Duplicate_count=0
BATCH_VALIDATION,BATCH-54e7b31a-f41b-4d68-a1a6-dc492047c610,136.24,136.24,0.0,FAIL,Duplicate_count=2
BATCH_VALIDATION,BATCH-54f44f9e-b063-436f-b5a7-6d01da1f92cf,44.12,44.12,0.0,PASS,Duplicate_count=0
BATCH_VALIDATION,BATCH-55b18a4a-67ec-48df-9f1b-8b52be5378b1,274.23,274.23,0.0,PASS,Duplicate_count=0
BATCH_VALIDATION,BATCH-55c31932-edbb-4991-8903-abd6a7d13a2a,111.62,111.62,0.0,PASS,Duplicate_count=0
BATCH_VALIDATION,BATCH-56974352-12ac-4d76-b9dc-b127f669d38b,15.84,15.84,0.0,PASS,Duplicate_count=0
BATCH_VALIDATION,BATCH-56cd4daa-6cbb-46b3-85a4-00b65c59908f,48.2,48.2,0.0,PASS,Duplicate_count=0
BATCH_VALIDATION,BATCH-575b0c59-3100-4dc0-be77-181c854b65c1,144.95,144.95,0.0,PASS,Duplicate_count=0
BATCH_VALIDATION,BATCH-576a0541-959c-44f1-9a57-79594e83b7fe,71.87,71.87,0.0,PASS,Duplicate_count=0
BATCH_VALIDATION,BATCH-58576bc0-d3cc-4b99-bf2b-1d713ca00f9a,246.21,246.21,0.0,PASS,Duplicate_count=0
BATCH_VALIDATION,BATCH-586ac92f-007c-47fc-8be5-f3a326f14400,31.38,31.38,0.0,PASS,Duplicate_count=0
BATCH_VALIDATION,BATCH-58e6da47-a077-4ff9-aa4a-4b195d26fbc0,80.1,80.1,0.0,PASS,Duplicate_count=0
BATCH_VALIDATION,BATCH-58fecd98-3bba-4460-b4a1-40188506b7be,139.23,139.23,0.0,PASS,Duplicate_count=0
BATCH_VALIDATION,BATCH-5911c418-bee9-4e48-ac6c-46047755d584,751.08,751.08,0.0,PASS,Duplicate_count=0
BATCH_VALIDATION,BATCH-59a1a6e1-e2a1-42c4-a2c8-e1a00a7688bb,31.94,31.94,0.0,PASS,Duplicate_count=0
BATCH_VALIDATION,BATCH-59ccd2c6-0fef-4a2f-acce-d9fe3babfb01,159.92,159.92,0.0,PASS,Duplicate_count=0
BATCH_VALIDATION,BATCH-5a514004-da19-463c-bd8a-b4f37544f986,120.3,120.3,0.0,PASS,Duplicate_count=0
BATCH_VALIDATION,BATCH-5ac02cfc-be0b-48e7-a22e-115fb08d6453,462.49,462.49,0.0,PASS,Duplicate_count=0
BATCH_VALIDATION,BATCH-5b116f2d-1ebf-418e-bc05-a03f96549c5c,323.49,323.49,0.0,PASS,Duplicate_count=0
BATCH_VALIDATION,BATCH-5b2756a0-24bb-43a3-8f39-6c79bcfc0987,134.44,134.44,0.0,PASS,Duplicate_count=0
BATCH_VALIDATION,BATCH-5b5f03c0-bace-43e1-9c11-a1cca1ae2228,61.34,61.34,0.0,PASS,Duplicate_count=0
BATCH_VALIDATION,BATCH-5b64cbf9-dac4-43f3-b071-ac44b652b8b3,1052.06,1052.06,0.0,PASS,Duplicate_count=0
BATCH_VALIDATION,BATCH-5b73d725-7036-46e5-9821-d69472ac6996,112.44,112.44,0.0,PASS,Duplicate_count=0
BATCH_VALIDATION,BATCH-5bc91d21-bb46-4b47-a0d3-63f1fde1dc2b,248.61,248.61,0.0,PASS,Duplicate_count=0
BATCH_VALIDATION,BATCH-5bcaa82a-dba3-4445-87d1-7e7d95b6c58e,123.53,123.53,0.0,PASS,Duplicate_count=0
BATCH_VALIDATION,BATCH-5bed0342-101b-478b-b769-6681776a11f9,208.93,208.93,0.0,PASS,Duplicate_count=0
BATCH_VALIDATION,BATCH-5ccc5370-1c1a-4ad4-83bd-e2ce9a1dc78a,79.25,79.25,0.0,PASS,Duplicate_count=0
BATCH_VALIDATION,BATCH-5ce26343-dbef-4b95-af75-c0f54e71be70,148.01,148.01,0.0,PASS,Duplicate_count=0
BATCH_VALIDATION,BATCH-5d34db28-cfc1-4ea7-9bd5-52e6e3be627e,252.04,252.04,0.0,PASS,Duplicate_count=0
BATCH_VALIDATION,BATCH-5d4cc0fa-3501-409a-bd14-0423079847ac,51.19,51.19,0.0,PASS,Duplicate_count=0
BATCH_VALIDATION,BATCH-5d730c3e-77af-46ea-a8d1-d8f9f123cf84,9.66,9.66,0.0,PASS,Duplicate_count=0
BATCH_VALIDATION,BATCH-5d9be60a-6358-4600-89ff-42cce76eb015,228.91,228.91,0.0,PASS,Duplicate_count=0
BATCH_VALIDATION,BATCH-5dc07a6f-1d35-4f8b-9365-a262d4e3360a,28.58,28.58,0.0,FAIL,Duplicate_count=2
BATCH_VALIDATION,BATCH-5ecd2f0b-150c-4895-971d-d555481a2913,71.67,71.67,0.0,PASS,Duplicate_count=0
BATCH_VALIDATION,BATCH-5f751168-687c-4319-9152-aa7b7da9d1b6,108.88,108.88,0.0,PASS,Duplicate_count=0
BATCH_VALIDATION,BATCH-5f78a796-112f-47e8-9262-f8949be437e2,447.17,447.17,0.0,PASS,Duplicate_count=0
BATCH_VALIDATION,BATCH-5fa63fe4-5f83-45c0-83e2-366793f56f5f,11.38,11.38,0.0,PASS,Duplicate_count=0
BATCH_VALIDATION,BATCH-5fd45b25-7bce-4397-b346-75834f2fc8ee,138.14,138.14,0.0,PASS,Duplicate_count=0
BATCH_VALIDATION,BATCH-5fd63f48-d934-439a-96b8-5731c22bbfce,586.24,586.24,0.0,PASS,Duplicate_count=0
BATCH_VALIDATION,BATCH-5ffe2af7-2b18-4b98-9c27-da78145314bf,15.66,15.66,0.0,PASS,Duplicate_count=0
BATCH_VALIDATION,BATCH-60304f98-9e7f-4741-aef5-5d35003146cf,199.38,199.38,0.0,PASS,Duplicate_count=0
BATCH_VALIDATION,BATCH-60f50102-e67d-435e-9aaa-19641915a9c1,226.06,226.06,0.0,PASS,Duplicate_count=0
BATCH_VALIDATION,BATCH-610d82e0-0e51-459a-8799-93ad68039355,30.82,30.82,0.0,PASS,Duplicate_count=0
BATCH_VALIDATION,BATCH-613e1694-f497-48df-b276-c24980dfb7f3,241.9,241.9,0.0,PASS,Duplicate_count=0
BATCH_VALIDATION,BATCH-617d2bc7-fd92-4dc4-be4d-f1ce9eef3cda,133.54,133.54,0.0,FAIL,Duplicate_count=1
BATCH_VALIDATION,BATCH-617da94d-89ca-499b-9afe-e31cf1f91da0,297.33,297.33,0.0,PASS,Duplicate_count=0
BATCH_VALIDATION,BATCH-6182157b-201a-4398-bb58-d79e80a05111,63.76,63.76,0.0,PASS,Duplicate_count=0
BATCH_VALIDATION,BATCH-624edf02-6998-4a4c-9980-536d141fd92d,20.92,20.92,0.0,PASS,Duplicate_count=0
BATCH_VALIDATION,BATCH-6274d2e9-2643-455c-a847-b20e134c70af,93.94,93.94,0.0,PASS,Duplicate_count=0
BATCH_VALIDATION,BATCH-62beb293-b87c-495c-8718-f554500bf123,49.17,49.17,0.0,PASS,Duplicate_count=0
BATCH_VALIDATION,BATCH-62dc9fd1-4c9c-4d79-8184-949a964bffe0,110.73,110.73,0.0,PASS,Duplicate_count=0
BATCH_VALIDATION,BATCH-62e475e9-0604-4fc3-aba5-5af2fb6c12ec,356.87,356.87,0.0,PASS,Duplicate_count=0
BATCH_VALIDATION,BATCH-6302e22a-1378-44a1-80d6-be9a6e9e8637,17.5,17.5,0.0,PASS,Duplicate_count=0
BATCH_VALIDATION,BATCH-63daff5f-31e6-4db2-8fe4-2c4ce148d2d5,33.9,33.9,0.0,PASS,Duplicate_count=0
BATCH_VALIDATION,BATCH-63ef26c8-d19c-445b-a9ff-ff56acbe1789,14.26,14.26,0.0,PASS,Duplicate_count=0
BATCH_VALIDATION,BATCH-64654a82-4d15-4308-a98e-befe25c49ddf,117.65,117.65,0.0,PASS,Duplicate_count=0
BATCH_VALIDATION,BATCH-64865b86-fb8e-4656-8e18-664f24b4f6cf,232.51,232.51,0.0,PASS,Duplicate_count=0
BATCH_VALIDATION,BATCH-64a58fcf-e0ff-4a08-8fd4-91d59fd3fbf9,25.79,25.79,0.0,PASS,Duplicate_count=0
BATCH_VALIDATION,BATCH-64a6e7e7-a27e-44c2-b714-bab807a28a6c,54.17,54.17,0.0,PASS,Duplicate_count=0
BATCH_VALIDATION,BATCH-655f7441-12af-43eb-878b-287c7028a0ac,84.09,84.09,0.0,PASS,Duplicate_count=0
BATCH_VALIDATION,BATCH-656bf6f9-50eb-4c99-a92f-a409ebd7f407,78.17,78.17,0.0,PASS,Duplicate_count=0
BATCH_VALIDATION,BATCH-659bcdcd-938e-414c-8fea-a3691a2ec380,258.6,258.6,0.0,PASS,Duplicate_count=0
BATCH_VALIDATION,BATCH-660661b0-a7e5-406e-8780-3fbf9513a7fa,112.79,112.79,0.0,PASS,Duplicate_count=0
BATCH_VALIDATION,BATCH-660ac60f-6b83-4b26-94e7-13800a41e14a,52.93,52.93,0.0,PASS,Duplicate_count=0
BATCH_VALIDATION,BATCH-66c1df70-f7b8-4874-b03e-5044a89fd4d8,8.66,8.66,0.0,PASS,Duplicate_count=0
BATCH_VALIDATION,BATCH-67cce438-f1f8-4df7-9de3-e31529644421,5.56,5.56,0.0,PASS,Duplicate_count=0
BATCH_VALIDATION,BATCH-67fe2d52-76e5-446d-b385-f833d8ba862f,138.98,138.98,0.0,PASS,Duplicate_count=0
BATCH_VALIDATION,BATCH-68085b8c-9865-412c-8527-6d87284d2dfb,104.94,104.94,0.0,PASS,Duplicate_count=0
BATCH_VALIDATION,BATCH-68918193-a4e4-4bc0-8960-98f600c1531c,15.55,15.55,0.0,PASS,Duplicate_count=0
BATCH_VALIDATION,BATCH-68921387-81b8-4b4e-9310-b86e16745976,348.49,348.49,0.0,PASS,Duplicate_count=0
BATCH_VALIDATION,BATCH-6934c5ae-3928-4d39-b99c-d279fa1f1d45,79.5,79.5,0.0,PASS,Duplicate_count=0
BATCH_VALIDATION,BATCH-69be57b9-35af-4543-b28f-fc363c3238d9,52.55,52.55,0.0,PASS,Duplicate_count=0
BATCH_VALIDATION,BATCH-69d0332d-5202-4088-9060-4bd4d9de23de,60.47,60.47,0.0,PASS,Duplicate_count=0
BATCH_VALIDATION,BATCH-6a0a4481-a431-426c-8a54-c1660812ed13,53.91,53.91,0.0,PASS,Duplicate_count=0
BATCH_VALIDATION,BATCH-6a32cf17-3cfc-4cc9-95e4-a36a1697497d,236.11,236.11,0.0,PASS,Duplicate_count=0
BATCH_VALIDATION,BATCH-6a8c0890-c62f-4f6c-bfea-c7d0565b6c56,124.51,124.51,0.0,FAIL,Duplicate_count=1
BATCH_VALIDATION,BATCH-6aaefadd-61f7-45a7-b200-72534d422bde,133.92,133.92,0.0,FAIL,Duplicate_count=1
BATCH_VALIDATION,BATCH-6ad51ded-3769-43f3-b316-166f228e9d9a,351.08,351.08,0.0,FAIL,Duplicate_count=2
BATCH_VALIDATION,BATCH-6b2143ca-cdb5-4d16-8e38-c5e471441e56,1176.12,1176.12,0.0,PASS,Duplicate_count=0
BATCH_VALIDATION,BATCH-6b4f84ca-44a7-4764-b482-4a2f8579927b,275.06,275.06,0.0,PASS,Duplicate_count=0
BATCH_VALIDATION,BATCH-6c0398bd-009c-4839-aabe-6c54493bc368,144.23,144.23,0.0,PASS,Duplicate_count=0
BATCH_VALIDATION,BATCH-6c679d03-b735-4d84-b6a7-faed30910e76,303.46,303.46,0.0,PASS,Duplicate_count=0
BATCH_VALIDATION,BATCH-6c9e3ea6-7f61-4a9b-9e6b-8087b450f6f0,13.79,13.79,0.0,PASS,Duplicate_count=0
BATCH_VALIDATION,BATCH-6cffd454-ba4b-49b7-bd7b-5a283a3dee21,145.43,145.43,0.0,PASS,Duplicate_count=0
BATCH_VALIDATION,BATCH-6dfd10ff-74e1-439f-b924-aac2feff17af,83.06,83.06,0.0,PASS,Duplicate_count=0
BATCH_VALIDATION,BATCH-6e1a0b09-d223-4640-809d-cd64467def8a,626.55,626.55,0.0,PASS,Duplicate_count=0
BATCH_VALIDATION,BATCH-6e64c4b1-e048-47e3-948c-e6d5fc6bd936,155.73,155.73,0.0,PASS,Duplicate_count=0
BATCH_VALIDATION,BATCH-6ef7c433-1579-41ed-b025-715cd11f4b08,63.85,63.85,0.0,PASS,Duplicate_count=0
BATCH_VALIDATION,BATCH-6f2318b3-9ed7-4f74-8763-d57ab6453ef1,142.89,142.89,0.0,PASS,Duplicate_count=0
BATCH_VALIDATION,BATCH-6fded484-be40-4828-9c98-d62074cc51f3,622.25,622.25,0.0,PASS,Duplicate_count=0
BATCH_VALIDATION,BATCH-7029a064-e633-4ef4-9cee-b88a53082327,35.2,35.2,0.0,PASS,Duplicate_count=0
BATCH_VALIDATION,BATCH-704f19a7-cad3-4533-8118-9cde7ef385d9,32.4,32.4,0.0,PASS,Duplicate_count=0
BATCH_VALIDATION,BATCH-706527fe-9e03-4d48-8e84-8a0a41ab7ccd,459.91,459.91,0.0,PASS,Duplicate_count=0
BATCH_VALIDATION,BATCH-715a2b30-7478-40f4-b843-35325fbb5033,143.34,143.34,0.0,PASS,Duplicate_count=0
BATCH_VALIDATION,BATCH-7171e4f0-1a79-4003-b680-ba0c48ba874b,142.6,142.6,0.0,PASS,Duplicate_count=0
BATCH_VALIDATION,BATCH-71a60bd0-01e4-419a-9725-9058cc748afe,23.26,23.26,0.0,PASS,Duplicate_count=0
BATCH_VALIDATION,BATCH-71fc79da-730a-4350-ab1f-d0350b37c2c7,175.03,175.03,0.0,PASS,Duplicate_count=0
BATCH_VALIDATION,BATCH-7209d513-4ec5-4619-b511-a97957e2df13,935.63,935.63,0.0,FAIL,Duplicate_count=1
BATCH_VALIDATION,BATCH-7243f096-6de7-4b7f-9d92-bc4f1b613a36,322.67,322.67,0.0,PASS,Duplicate_count=0
BATCH_VALIDATION,BATCH-724a7954-2cb7-41cf-a94c-32d9fedae6cf,194.8,194.8,0.0,PASS,Duplicate_count=0
BATCH_VALIDATION,BATCH-7264c9e5-ecad-44b3-b36e-1fd5e7145b79,106.79,106.79,0.0,PASS,Duplicate_count=0
BATCH_VALIDATION,BATCH-72761029-e726-4152-837b-604c58650023,71.55,71.55,0.0,PASS,Duplicate_count=0
BATCH_VALIDATION,BATCH-72c03da9-3538-4146-8fba-6b8c8f6b0e54,153.33,153.33,0.0,PASS,Duplicate_count=0
BATCH_VALIDATION,BATCH-72d7fef5-ce21-4ba6-9d10-a5fd456e1755,7.1,7.1,0.0,PASS,Duplicate_count=0
BATCH_VALIDATION,BATCH-7343172f-8aae-4e13-b5b8-96c8157c3f6d,54.93,54.93,0.0,PASS,Duplicate_count=0
BATCH_VALIDATION,BATCH-738c2472-3744-4d71-a61e-67d0e330f36f,63.99,63.99,0.0,PASS,Duplicate_count=0
BATCH_VALIDATION,BATCH-740335ad-25dd-47e4-ae48-2bcaf786b238,118.0,118.0,0.0,PASS,Duplicate_count=0
BATCH_VALIDATION,BATCH-7454240a-ea5e-4cb0-b767-e5181051fcc7,57.07,57.07,0.0,PASS,Duplicate_count=0
BATCH_VALIDATION,BATCH-745e5e02-011f-47c3-b492-6a66dfea7c6a,38.64,38.64,0.0,PASS,Duplicate_count=0
BATCH_VALIDATION,BATCH-7471cd4b-802e-4ba7-bbaf-fe422b386645,30.48,30.48,0.0,PASS,Duplicate_count=0
BATCH_VALIDATION,BATCH-748b2aee-4bf3-4cf9-846f-1c416317e449,188.35,188.35,0.0,PASS,Duplicate_count=0
BATCH_VALIDATION,BATCH-74daa6b0-fe47-4dd4-9f96-0cac533c1809,43.55,43.55,0.0,PASS,Duplicate_count=0
BATCH_VALIDATION,BATCH-7625556b-1483-4752-96b7-c4c19f66a50d,71.55,71.55,0.0,PASS,Duplicate_count=0
BATCH_VALIDATION,BATCH-7681017a-ca52-46bc-8ba0-3b2c5dded8b6,26.86,26.86,0.0,PASS,Duplicate_count=0
BATCH_VALIDATION,BATCH-768954f7-75dc-45d4-a94c-19d166d17b92,53.84,53.84,0.0,PASS,Duplicate_count=0
BATCH_VALIDATION,BATCH-771c0cc4-5294-4616-aadb-4f664d6ffe5a,121.17,121.17,0.0,PASS,Duplicate_count=0
BATCH_VALIDATION,BATCH-772d4499-4253-471c-a46f-78a4c5020338,77.48,77.48,0.0,PASS,Duplicate_count=0
BATCH_VALIDATION,BATCH-77f64137-79fa-474d-bab1-3d9598f688b1,505.39,505.39,0.0,PASS,Duplicate_count=0
BATCH_VALIDATION,BATCH-7830c6e3-7d29-4fe2-bdd0-5041e63deb92,31.98,31.98,0.0,PASS,Duplicate_count=0
BATCH_VALIDATION,BATCH-7872861f-303a-451b-99cc-9cbc601739fe,26.36,26.36,0.0,PASS,Duplicate_count=0
BATCH_VALIDATION,BATCH-78bae8ce-9c06-43f7-9dd8-93770bdec120,35.33,35.33,0.0,PASS,Duplicate_count=0
BATCH_VALIDATION,BATCH-790f60c5-cbe8-45db-8465-9b22cfdbd2e3,428.4,428.4,0.0,PASS,Duplicate_count=0
BATCH_VALIDATION,BATCH-79a09915-3983-4917-a821-ca66b49f8378,10.0,10.0,0.0,PASS,Duplicate_count=0
BATCH_VALIDATION,BATCH-79a5705c-2c95-4b2a-b05c-1bcd2a76bebf,649.94,649.94,0.0,FAIL,Duplicate_count=1
BATCH_VALIDATION,BATCH-79e198dd-c308-4cbd-a51d-b90e9bdf0725,22.06,22.06,0.0,FAIL,Duplicate_count=1
BATCH_VALIDATION,BATCH-79ef6ada-080e-43cf-a13a-727df2a6882d,160.28,160.28,0.0,PASS,Duplicate_count=0
BATCH_VALIDATION,BATCH-7a047e61-acc1-42ba-ba6f-156911c05578,85.12,85.12,0.0,PASS,Duplicate_count=0
BATCH_VALIDATION,BATCH-7ad8616a-a331-485f-99b5-4ab259819444,55.24,55.24,0.0,PASS,Duplicate_count=0
BATCH_VALIDATION,BATCH-7b36bedd-bfff-4423-be5f-af1b415e74d1,272.93,272.93,0.0,PASS,Duplicate_count=0
BATCH_VALIDATION,BATCH-7b5e1bf7-f8aa-457a-b9c7-be4e23a52413,93.39,93.39,0.0,PASS,Duplicate_count=0
BATCH_VALIDATION,BATCH-7b69043a-e1ad-4b45-9157-3c20c645da72,15.48,15.48,0.0,PASS,Duplicate_count=0
BATCH_VALIDATION,BATCH-7bad6880-73ed-4915-8f70-300a09864b62,594.68,594.68,0.0,PASS,Duplicate_count=0
BATCH_VALIDATION,BATCH-7c9f7940-e2ea-4d51-8ab7-ba5084affe47,73.43,73.43,0.0,PASS,Duplicate_count=0
BATCH_VALIDATION,BATCH-7cef59a4-3286-4f42-9550-dd99d32cdb16,68.95,68.95,0.0,PASS,Duplicate_count=0
BATCH_VALIDATION,BATCH-7d750563-0cea-441c-9b10-6b91bc673389,192.95,192.95,0.0,PASS,Duplicate_count=0
BATCH_VALIDATION,BATCH-7e47c000-158d-43d6-a696-cee08b8acbcf,78.91,78.91,0.0,PASS,Duplicate_count=0
BATCH_VALIDATION,BATCH-7e742244-7806-4319-92ca-f2c0c0f830c7,32.72,32.72,0.0,PASS,Duplicate_count=0
BATCH_VALIDATION,BATCH-7f5e870b-9265-43dc-8640-de9f2e60aa09,209.0,209.0,0.0,PASS,Duplicate_count=0
BATCH_VALIDATION,BATCH-7fcca1bd-8f66-4edd-b3fc-5ea204001c5d,152.44,152.44,0.0,PASS,Duplicate_count=0
BATCH_VALIDATION,BATCH-7fcd1328-04ae-4066-92a0-1c030034ce02,212.01,212.01,0.0,PASS,Duplicate_count=0
BATCH_VALIDATION,BATCH-7fea6fe6-bb73-4ec2-b6a8-52d6e6d06a75,200.74,200.74,0.0,PASS,Duplicate_count=0
BATCH_VALIDATION,BATCH-804e8e97-26a4-48d2-8890-01b8a917dd8d,485.21,485.21,0.0,PASS,Duplicate_count=0
BATCH_VALIDATION,BATCH-80aea186-5f1c-4a2a-b4f0-df54714b21d5,23.69,23.69,0.0,PASS,Duplicate_count=0
BATCH_VALIDATION,BATCH-81145f0d-0a82-4460-bc4e-0e16be30cbeb,617.15,617.15,0.0,PASS,Duplicate_count=0
BATCH_VALIDATION,BATCH-8172710e-d14f-4202-b730-d5e658e009e3,208.31,208.31,0.0,PASS,Duplicate_count=0
BATCH_VALIDATION,BATCH-817c238e-8509-4e81-a07d-e50c9fabf519,14.98,14.98,0.0,PASS,Duplicate_count=0
BATCH_VALIDATION,BATCH-818e77bf-1e24-4ac2-b1de-6f6d0021b458,19.38,19.38,0.0,PASS,Duplicate_count=0
BATCH_VALIDATION,BATCH-82e3e6c2-0ee7-4925-a628-bdd958fd5724,116.04,116.04,0.0,PASS,Duplicate_count=0
BATCH_VALIDATION,BATCH-831b75b8-0531-4325-ada1-f869b2693bd3,90.03,90.03,0.0,PASS,Duplicate_count=0
BATCH_VALIDATION,BATCH-8350d58a-c52f-4a30-b54e-c55283cc5cc2,332.64,332.64,0.0,PASS,Duplicate_count=0
BATCH_VALIDATION,BATCH-8369b330-0cfc-469c-b375-a446db67c7b5,24.14,24.14,0.0,PASS,Duplicate_count=0
BATCH_VALIDATION,BATCH-8392cc96-b08b-45e4-96f2-1ecb497a0d0b,94.28,94.28,0.0,PASS,Duplicate_count=0
BATCH_VALIDATION,BATCH-83bebb23-08d2-4d68-9b43-e6c411815046,32.85,32.85,0.0,PASS,Duplicate_count=0
BATCH_VALIDATION,BATCH-848400d6-d53e-4b96-9385-27a289abe226,45.37,45.37,0.0,PASS,Duplicate_count=0
BATCH_VALIDATION,BATCH-84dd0d46-6933-44a5-893d-f8f6aa43a351,800.13,800.13,0.0,PASS,Duplicate_count=0
BATCH_VALIDATION,BATCH-852017e7-ccf7-4323-b62c-ae0cb24c3751,331.07,331.07,0.0,PASS,Duplicate_count=0
BATCH_VALIDATION,BATCH-860ec9c2-ae02-430c-bb78-f253f49481e0,455.21,455.21,0.0,PASS,Duplicate_count=0
BATCH_VALIDATION,BATCH-87135af4-c1c6-44bb-97dd-f5c4afb15b88,1088.3,1088.3,0.0,PASS,Duplicate_count=0
BATCH_VALIDATION,BATCH-87d96c63-05db-4785-989a-09ba55564bf0,157.02,157.02,0.0,FAIL,Duplicate_count=2
BATCH_VALIDATION,BATCH-8838b7e5-a666-4925-9f06-3359df539b96,246.75,246.75,0.0,PASS,Duplicate_count=0
BATCH_VALIDATION,BATCH-885db32d-22a6-4178-8192-e8c6d223b59e,598.79,598.79,0.0,PASS,Duplicate_count=0
BATCH_VALIDATION,BATCH-887dedc7-0416-42e4-a050-b661ab170861,193.31,193.31,0.0,PASS,Duplicate_count=0
BATCH_VALIDATION,BATCH-88ac2c7e-0070-4b02-95dc-6d2154a69211,126.84,126.84,0.0,PASS,Duplicate_count=0
BATCH_VALIDATION,BATCH-88d6240b-339b-4970-96b0-a581400d9c62,264.38,264.38,0.0,FAIL,Duplicate_count=1
BATCH_VALIDATION,BATCH-8901d7ec-8ecc-4e4d-8934-9d0e7376db23,192.01,192.01,0.0,PASS,Duplicate_count=0
BATCH_VALIDATION,BATCH-896e9e0f-4c50-4873-ae52-f2aeb46d131c,166.25,166.25,0.0,PASS,Duplicate_count=0
BATCH_VALIDATION,BATCH-89cde4d2-d34b-479e-b2f2-e4d5094b1b34,47.69,47.69,0.0,PASS,Duplicate_count=0
BATCH_VALIDATION,BATCH-8a0e2ccc-bbd9-418a-abb8-ed68bfbefd99,885.43,885.43,0.0,PASS,Duplicate_count=0
BATCH_VALIDATION,BATCH-8ae34fe2-e65d-4411-9c38-933baa0f49e5,118.56,118.56,0.0,PASS,Duplicate_count=0
BATCH_VALIDATION,BATCH-8b23bd6d-0355-44ca-8d61-c14011b159da,320.88,320.88,0.0,PASS,Duplicate_count=0
BATCH_VALIDATION,BATCH-8ba24fba-3c9f-426d-b9d1-cc57e482aa17,247.2,247.2,0.0,PASS,Duplicate_count=0
BATCH_VALIDATION,BATCH-8c29db7a-b6eb-4078-b515-733c0632ba31,143.02,143.02,0.0,PASS,Duplicate_count=0
BATCH_VALIDATION,BATCH-8c4e7921-4a71-4387-81ea-1757909190f9,119.41,119.41,0.0,PASS,Duplicate_count=0
BATCH_VALIDATION,BATCH-8c5a5132-250a-49a8-93b9-aff6df12ac29,131.22,131.22,0.0,PASS,Duplicate_count=0
BATCH_VALIDATION,BATCH-8c6f991d-75b7-4f10-9899-450930773892,402.44,402.44,0.0,PASS,Duplicate_count=0
BATCH_VALIDATION,BATCH-8c854278-23cc-4f8c-844a-8a2604b637f0,1846.36,1846.36,0.0,PASS,Duplicate_count=0
BATCH_VALIDATION,BATCH-8ccddfdd-fbf0-4314-965d-d64a4772cdc5,308.28,308.28,0.0,PASS,Duplicate_count=0
BATCH_VALIDATION,BATCH-8cdb0a9f-a915-45ba-b99b-caaaf10f13b0,118.52,118.52,0.0,PASS,Duplicate_count=0
BATCH_VALIDATION,BATCH-8cde6111-80fd-4577-bb08-7c7320c8472f,146.88,146.88,0.0,PASS,Duplicate_count=0
BATCH_VALIDATION,BATCH-8dc908eb-2e6f-4e69-87a4-7e75b55a6666,71.61,71.61,0.0,PASS,Duplicate_count=0
BATCH_VALIDATION,BATCH-8e0e1b07-9683-4606-81f9-08d9c214476d,89.47,89.47,0.0,PASS,Duplicate_count=0
BATCH_VALIDATION,BATCH-8e671ac6-f255-49b4-a163-5646b323dd7e,111.37,111.37,0.0,PASS,Duplicate_count=0
BATCH_VALIDATION,BATCH-8e6a57a5-1c75-4d3a-9bc0-0ebf6d1849ae,88.22,88.22,0.0,PASS,Duplicate_count=0
BATCH_VALIDATION,BATCH-8ea36b03-a2a7-4acf-ac83-fb7ee40577d3,44.31,44.31,0.0,PASS,Duplicate_count=0
BATCH_VALIDATION,BATCH-8edc2035-0400-4f84-8259-6a05ab407b8b,23.84,23.84,0.0,PASS,Duplicate_count=0
BATCH_VALIDATION,BATCH-8f413b04-20c5-42e5-a339-d4d8952a00b7,151.69,151.69,0.0,PASS,Duplicate_count=0
BATCH_VALIDATION,BATCH-8f5c7fae-e673-4e3c-98ec-9c78fef7a023,120.65,120.65,0.0,PASS,Duplicate_count=0
BATCH_VALIDATION,BATCH-9089bf02-9833-4476-a48d-d63b61265123,22.31,22.31,0.0,PASS,Duplicate_count=0
BATCH_VALIDATION,BATCH-910ae6e7-35ec-41dc-806c-8542d40503ec,91.26,91.26,0.0,PASS,Duplicate_count=0
BATCH_VALIDATION,BATCH-91936412-8857-4570-8604-8da7af6e87cf,8.81,8.81,0.0,PASS,Duplicate_count=0
BATCH_VALIDATION,BATCH-91b6d12c-a9bb-4bb7-a58e-c38eb1d3472a,531.2,531.2,0.0,PASS,Duplicate_count=0
BATCH_VALIDATION,BATCH-91dd064e-5e80-4367-80c5-847c30602da8,122.72,122.72,0.0,PASS,Duplicate_count=0
BATCH_VALIDATION,BATCH-91f53dc6-0839-4d7d-9e14-b1e7c0334032,254.46,254.46,0.0,PASS,Duplicate_count=0
BATCH_VALIDATION,BATCH-928feba9-02f5-4ed7-a848-884591fe1175,58.32,58.32,0.0,PASS,Duplicate_count=0
BATCH_VALIDATION,BATCH-930fbc64-5751-4faf-bb70-5cc75bb5921b,216.36,216.36,0.0,PASS,Duplicate_count=0
BATCH_VALIDATION,BATCH-9311545f-4607-4d50-894b-5d29d97bb465,816.37,816.37,0.0,PASS,Duplicate_count=0
BATCH_VALIDATION,BATCH-93209e28-712e-42f6-9c98-11446b9016a0,124.95,124.95,0.0,PASS,Duplicate_count=0
BATCH_VALIDATION,BATCH-9325c750-d7d3-43d6-ac4f-33ec9eb77537,121.37,121.37,0.0,PASS,Duplicate_count=0
BATCH_VALIDATION,BATCH-935e3197-6e40-46c5-a2c5-fd4eb328c27b,18.41,18.41,0.0,PASS,Duplicate_count=0
BATCH_VALIDATION,BATCH-93b52afe-6e70-4ed2-9265-c2dec9aeee45,62.15,62.15,0.0,PASS,Duplicate_count=0
BATCH_VALIDATION,BATCH-940b047d-7c38-427e-a812-f7e4fd3f74b4,10.0,10.0,0.0,PASS,Duplicate_count=0
BATCH_VALIDATION,BATCH-943b0689-a020-4a66-b566-c5236eec4b1d,32.1,32.1,0.0,PASS,Duplicate_count=0
BATCH_VALIDATION,BATCH-94a0d3f8-98b7-4651-9d2e-07a55c259dd9,101.81,101.81,0.0,PASS,Duplicate_count=0
BATCH_VALIDATION,BATCH-94cb06ae-89a8-4862-b8bb-8fc684a114e7,219.62,219.62,0.0,PASS,Duplicate_count=0
BATCH_VALIDATION,BATCH-95186f38-8f98-4e84-a0e5-0f1778f95409,448.04,448.04,0.0,PASS,Duplicate_count=0
BATCH_VALIDATION,BATCH-952bf4b1-787b-4392-9560-e74c5e266a04,139.75,139.75,0.0,PASS,Duplicate_count=0
BATCH_VALIDATION,BATCH-95e114de-51ab-427f-8112-c7c9e0422652,1158.76,1158.76,0.0,PASS,Duplicate_count=0
BATCH_VALIDATION,BATCH-962e6cff-108f-44b5-9158-828d655cfe1a,4.98,4.98,0.0,PASS,Duplicate_count=0
BATCH_VALIDATION,BATCH-96334558-1950-46c9-8ff9-87ac9ce5cbb3,200.03,200.03,0.0,PASS,Duplicate_count=0
BATCH_VALIDATION,BATCH-9677a69d-39da-47fd-a83e-f248ad7214c3,348.89,348.89,0.0,PASS,Duplicate_count=0
BATCH_VALIDATION,BATCH-974a9da6-6f81-4e76-99da-f3e093a81b1a,181.9,181.9,0.0,PASS,Duplicate_count=0
BATCH_VALIDATION,BATCH-98091040-875e-4220-9544-6c2e7f8dba39,26.13,26.13,0.0,PASS,Duplicate_count=0
BATCH_VALIDATION,BATCH-981ecb3e-e64d-48fe-8129-34d2d6bf71e8,4.14,4.14,0.0,PASS,Duplicate_count=0
BATCH_VALIDATION,BATCH-98214061-6f24-4bbd-9a74-c31fdb31bf04,54.88,54.88,0.0,PASS,Duplicate_count=0
BATCH_VALIDATION,BATCH-987bd424-122a-4789-b1d3-493dea717c16,54.98,54.98,0.0,PASS,Duplicate_count=0
BATCH_VALIDATION,BATCH-98a8e75e-17e2-4dba-aae0-2f3a78486d1b,427.98,427.98,0.0,PASS,Duplicate_count=0
BATCH_VALIDATION,BATCH-98b2ed45-14b6-44a7-b930-48691a420d82,62.1,62.1,0.0,PASS,Duplicate_count=0
BATCH_VALIDATION,BATCH-994aa92a-8d2a-4fe0-b7cc-f9ac58cdf77a,31.44,31.44,0.0,PASS,Duplicate_count=0
BATCH_VALIDATION,BATCH-99dcf2ae-d1fe-40f6-90b5-74613d480afa,17.43,17.43,0.0,PASS,Duplicate_count=0
BATCH_VALIDATION,BATCH-9a09c54d-ffc6-49fe-bb07-062f7bf62147,84.39,84.39,0.0,PASS,Duplicate_count=0
BATCH_VALIDATION,BATCH-9a78b813-eb55-4c50-b4cc-4431bdcb7e29,131.2,131.2,0.0,PASS,Duplicate_count=0
BATCH_VALIDATION,BATCH-9a919501-99cf-4cc3-87cb-13fe5e8b6288,31.01,31.01,0.0,PASS,Duplicate_count=0
BATCH_VALIDATION,BATCH-9b42cf47-8032-4811-9dd2-fb4ef6854490,11.95,11.95,0.0,PASS,Duplicate_count=0
BATCH_VALIDATION,BATCH-9bd45add-bd63-4433-b324-47b6ec6484c8,50.53,50.53,0.0,PASS,Duplicate_count=0
BATCH_VALIDATION,BATCH-9d292417-223a-4ecb-91a9-046edbe6022c,97.5,97.5,0.0,PASS,Duplicate_count=0
BATCH_VALIDATION,BATCH-9d9a07b8-0abe-4ed5-915f-7924b3b85e8a,45.01,45.01,0.0,PASS,Duplicate_count=0
BATCH_VALIDATION,BATCH-9e8bf3e1-1979-46c5-9d81-b5f75feefe92,87.27,87.27,0.0,PASS,Duplicate_count=0
BATCH_VALIDATION,BATCH-9f0c2779-fcaf-4ed1-8a47-993abd431c94,67.64,67.64,0.0,PASS,Duplicate_count=0
BATCH_VALIDATION,BATCH-9f41a37b-efbe-496f-9547-86b59030fd1a,30.46,30.46,0.0,PASS,Duplicate_count=0
BATCH_VALIDATION,BATCH-9f655b3a-ff1d-4594-9b4b-4cb589d974aa,439.13,439.13,0.0,PASS,Duplicate_count=0
BATCH_VALIDATION,BATCH-9f7409a4-9a97-400c-bc79-5626251e9f6c,38.98,38.98,0.0,PASS,Duplicate_count=0
BATCH_VALIDATION,BATCH-ORPHAN-0,-17.21,-17.21,0.0,PASS,Duplicate_count=0
BATCH_VALIDATION,BATCH-ORPHAN-1,-13.09,-13.09,0.0,PASS,Duplicate_count=0
BATCH_VALIDATION,BATCH-ORPHAN-2,-14.12,-14.12,0.0,PASS,Duplicate_count=0
BATCH_VALIDATION,BATCH-ORPHAN-3,-34.2,-34.2,0.0,PASS,Duplicate_count=0
BATCH_VALIDATION,BATCH-ORPHAN-4,-28.95,-28.95,0.0,PASS,Duplicate_count=0
BATCH_VALIDATION,BATCH-ORPHAN-5,-30.35,-30.35,0.0,PASS,Duplicate_count=0
BATCH_VALIDATION,BATCH-ORPHAN-6,-30.9,-30.9,0.0,PASS,Duplicate_count=0
BATCH_VALIDATION,BATCH-ORPHAN-7,-171.0,-171.0,0.0,PASS,Duplicate_count=0
BATCH_VALIDATION,BATCH-ORPHAN-8,-13.38,-13.38,0.0,PASS,Duplicate_count=0
BATCH_VALIDATION,BATCH-ORPHAN-9,-12.03,-12.03,0.0,PASS,Duplicate_count=0
BATCH_VALIDATION,BATCH-a01d37e3-95ea-4856-ad01-e4b3c7db5cc9,88.7,88.7,0.0,PASS,Duplicate_count=0
BATCH_VALIDATION,BATCH-a054fa52-bdc1-4754-9228-744e5becd473,143.96,143.96,0.0,PASS,Duplicate_count=0
BATCH_VALIDATION,BATCH-a0a9176c-ae25-499a-a9e5-883e1fd7f401,117.65,117.65,0.0,PASS,Duplicate_count=0
BATCH_VALIDATION,BATCH-a11b29b7-0272-4822-89e0-ae51f16195d9,26.63,26.63,0.0,PASS,Duplicate_count=0
BATCH_VALIDATION,BATCH-a12dc4ed-848d-47af-b287-d5f871e5e071,74.59,74.59,0.0,PASS,Duplicate_count=0
BATCH_VALIDATION,BATCH-a16e5629-59ec-411f-b549-357e0e1c42c2,20.04,20.04,0.0,PASS,Duplicate_count=0
BATCH_VALIDATION,BATCH-a178eb95-f86b-4385-beb0-3b666042412e,103.55,103.55,0.0,PASS,Duplicate_count=0
BATCH_VALIDATION,BATCH-a1a157a8-d0af-4374-b750-b4da28bf5a5b,24.94,24.94,0.0,PASS,Duplicate_count=0
BATCH_VALIDATION,BATCH-a1cf40ee-b631-438d-85b9-709db6a134a9,7.48,7.48,0.0,PASS,Duplicate_count=0
BATCH_VALIDATION,BATCH-a2157993-ce3f-41b5-a0c3-1ccdfe953a82,134.81,134.81,0.0,PASS,Duplicate_count=0
BATCH_VALIDATION,BATCH-a218c6c0-aa27-4cb0-a3d3-a56b08583915,635.7,635.7,0.0,PASS,Duplicate_count=0
BATCH_VALIDATION,BATCH-a25f85ac-d557-4844-9029-df31fa6efdc2,36.47,36.47,0.0,PASS,Duplicate_count=0
BATCH_VALIDATION,BATCH-a25fe6a5-056d-4d9e-abcd-3347ca57ddfa,81.01,81.01,0.0,PASS,Duplicate_count=0
BATCH_VALIDATION,BATCH-a2602714-1181-4835-935a-7b6a8b12687d,52.15,52.15,0.0,PASS,Duplicate_count=0
BATCH_VALIDATION,BATCH-a28d5a5d-76b2-4f26-9c23-2397c18ccd06,114.75,114.75,0.0,PASS,Duplicate_count=0
BATCH_VALIDATION,BATCH-a28fae2d-3616-48d4-afef-e3a79bd90096,4083.15,4083.15,0.0,PASS,Duplicate_count=0
BATCH_VALIDATION,BATCH-a2a15b5e-ee87-440c-bc16-59b1618ab7d8,81.08,81.08,0.0,PASS,Duplicate_count=0
BATCH_VALIDATION,BATCH-a2aedaac-67d6-4c74-b4ce-0c2dd23cd792,36.77,36.77,0.0,PASS,Duplicate_count=0
BATCH_VALIDATION,BATCH-a2b75eb0-9aa6-4c08-9685-feb7de733efe,24.52,24.52,0.0,PASS,Duplicate_count=0
BATCH_VALIDATION,BATCH-a31948d9-74cc-4842-b2ba-573bf1148983,56.84,56.84,0.0,PASS,Duplicate_count=0
BATCH_VALIDATION,BATCH-a3258302-ea55-4843-8e20-6001c305aa85,28.48,28.48,0.0,PASS,Duplicate_count=0
BATCH_VALIDATION,BATCH-a32c55c7-e1ff-44da-9ced-03d44fc9f8e3,105.25,105.25,0.0,PASS,Duplicate_count=0
BATCH_VALIDATION,BATCH-a369d12b-5443-4fc3-8eb4-00eb0eaebb71,73.37,73.37,0.0,PASS,Duplicate_count=0
BATCH_VALIDATION,BATCH-a3fb0fc3-63dd-41bf-be32-93da7b9f8202,62.27,62.27,0.0,PASS,Duplicate_count=0
BATCH_VALIDATION,BATCH-a40a080f-37f5-4b30-8833-08a214d4e841,62.02,62.02,0.0,PASS,Duplicate_count=0
BATCH_VALIDATION,BATCH-a44489a8-0927-43d5-84dd-179e14d0068b,59.91,59.91,0.0,PASS,Duplicate_count=0
BATCH_VALIDATION,BATCH-a4b25f9a-280b-459b-8e7e-1548aa7aa9c7,114.9,114.9,0.0,PASS,Duplicate_count=0
BATCH_VALIDATION,BATCH-a4ccff62-e936-487d-811f-80621e34e45c,30.98,30.98,0.0,PASS,Duplicate_count=0
BATCH_VALIDATION,BATCH-a4f34382-237a-4930-82cb-5d24e989964e,124.82,124.82,0.0,PASS,Duplicate_count=0
BATCH_VALIDATION,BATCH-a59b0de9-a627-4a67-afea-ad86c572149a,15.95,15.95,0.0,PASS,Duplicate_count=0
BATCH_VALIDATION,BATCH-a5dd05d8-d0d9-4da9-8c4c-9b01b14ca750,53.05,53.05,0.0,PASS,Duplicate_count=0
BATCH_VALIDATION,BATCH-a64e6d82-8b5a-4abb-8417-93b0d90af136,62.86,62.86,0.0,PASS,Duplicate_count=0
BATCH_VALIDATION,BATCH-a757a183-0041-48a7-97a4-f0d7cf6c50d5,15.23,15.23,0.0,PASS,Duplicate_count=0
BATCH_VALIDATION,BATCH-a7fbe29d-05bb-4045-a39f-c2c16dce10c5,29.74,29.74,0.0,PASS,Duplicate_count=0
BATCH_VALIDATION,BATCH-a863a860-ccc3-4717-b942-0ea54b35317b,109.43,109.43,0.0,PASS,Duplicate_count=0
BATCH_VALIDATION,BATCH-a962a95d-cd1e-4aa8-9e24-0ffdf2f738fb,31.74,31.74,0.0,FAIL,Duplicate_count=2
BATCH_VALIDATION,BATCH-a9c449e7-0130-4ad3-81c2-298d2d7b00b7,70.62,70.62,0.0,PASS,Duplicate_count=0
BATCH_VALIDATION,BATCH-a9de5741-f861-413c-8b6a-bb6d8d904356,38.91,38.91,0.0,PASS,Duplicate_count=0
BATCH_VALIDATION,BATCH-a9f06046-468a-4f2d-afd0-9b9399e7d76e,118.94,118.94,0.0,PASS,Duplicate_count=0
BATCH_VALIDATION,BATCH-aa30844d-7533-4358-a327-1e00db695417,150.96,150.96,0.0,PASS,Duplicate_count=0
BATCH_VALIDATION,BATCH-aaaf92ce-25fd-48f7-8324-e5a56e4a6a7e,47.16,47.16,0.0,PASS,Duplicate_count=0
BATCH_VALIDATION,BATCH-aab2ab81-07f9-4c88-b731-edc871cab149,605.43,605.43,0.0,PASS,Duplicate_count=0
BATCH_VALIDATION,BATCH-ab77c279-c07e-4ebc-85cf-de7f019f6725,136.13,136.13,0.0,PASS,Duplicate_count=0
BATCH_VALIDATION,BATCH-ac0558ad-9194-47a8-80ea-c99b57259f4f,93.42,93.42,0.0,PASS,Duplicate_count=0
BATCH_VALIDATION,BATCH-ac788009-e87d-4b71-aee0-5f8cdd7aeb9f,815.9,815.9,0.0,PASS,Duplicate_count=0
BATCH_VALIDATION,BATCH-ac84baff-5386-478c-a8ab-8ec15058badf,72.56,72.56,0.0,PASS,Duplicate_count=0
BATCH_VALIDATION,BATCH-aca8d2e5-5350-4281-80a4-e3f3dc4f3187,677.34,677.34,0.0,PASS,Duplicate_count=0
BATCH_VALIDATION,BATCH-acbbf038-a291-4115-973a-eaf366f95238,27.2,27.2,0.0,PASS,Duplicate_count=0
BATCH_VALIDATION,BATCH-ad13a9ae-6905-4fff-809e-10831d272e30,295.16,295.16,0.0,PASS,Duplicate_count=0
BATCH_VALIDATION,BATCH-ad31a56f-fd29-41c7-8488-38f090753390,15.2,15.2,0.0,PASS,Duplicate_count=0
BATCH_VALIDATION,BATCH-ad37e134-e7cf-4857-ba71-e369884e5a65,855.95,855.95,0.0,PASS,Duplicate_count=0
BATCH_VALIDATION,BATCH-ad8af0f5-4119-49c9-bdb4-c819d7215d2b,532.59,532.59,0.0,PASS,Duplicate_count=0
BATCH_VALIDATION,BATCH-ad94fc01-d378-406f-8dc5-6c5ca131e79b,97.09,97.09,0.0,PASS,Duplicate_count=0
BATCH_VALIDATION,BATCH-ad9ed82e-dc38-40d2-868a-9e7ab688cbff,7.58,7.58,0.0,PASS,Duplicate_count=0
BATCH_VALIDATION,BATCH-add064b5-4e68-4144-9aa8-871aebd8bdbd,170.51,170.51,0.0,PASS,Duplicate_count=0
BATCH_VALIDATION,BATCH-adde0766-d784-4ba3-ad8c-0c6d07a8d183,64.7,64.7,0.0,PASS,Duplicate_count=0
BATCH_VALIDATION,BATCH-adf3ef38-8c70-4665-ba73-0e7603dd6818,99.56,99.56,0.0,PASS,Duplicate_count=0
BATCH_VALIDATION,BATCH-ae3bf116-f68d-466a-94c9-563c7bdbb80f,154.12,154.12,0.0,PASS,Duplicate_count=0
BATCH_VALIDATION,BATCH-ae3d2d01-f69c-495b-ac89-5d232ee75c82,68.82,68.82,0.0,PASS,Duplicate_count=0
BATCH_VALIDATION,BATCH-ae4e3500-91cb-4549-8160-08a72e193951,76.02,76.02,0.0,PASS,Duplicate_count=0
BATCH_VALIDATION,BATCH-ae57b35e-e047-47d6-93cc-93dc7d6c1a33,103.86,103.86,0.0,PASS,Duplicate_count=0
BATCH_VALIDATION,BATCH-aec8c768-b099-4ab8-9bd2-72af2ba66fd1,65.39,65.39,0.0,FAIL,Duplicate_count=1
BATCH_VALIDATION,BATCH-aeeddae4-5677-4dd1-9910-dc6e342647a0,60.75,60.75,0.0,FAIL,Duplicate_count=1
BATCH_VALIDATION,BATCH-aef901c7-d075-4450-a973-0065b26acc90,275.31,275.31,0.0,PASS,Duplicate_count=0
BATCH_VALIDATION,BATCH-af71acd2-6d8f-4925-baeb-cf683a86709a,55.35,55.35,0.0,PASS,Duplicate_count=0
BATCH_VALIDATION,BATCH-af74b33b-3863-433a-866a-89f7b38f3ef6,25.84,25.84,0.0,PASS,Duplicate_count=0
BATCH_VALIDATION,BATCH-af8c21a0-9ccf-4341-b43b-8c582bdcfc53,137.45,137.45,0.0,PASS,Duplicate_count=0
BATCH_VALIDATION,BATCH-afda385b-3eda-44f8-ab1c-7ef3d5feaefd,14.34,14.34,0.0,PASS,Duplicate_count=0
BATCH_VALIDATION,BATCH-b0a8ea39-d369-4755-abec-2d63c0968aa1,61.04,61.04,0.0,PASS,Duplicate_count=0
BATCH_VALIDATION,BATCH-b0cbb007-57a9-4c9f-9178-8dee541d816b,160.16,160.16,0.0,PASS,Duplicate_count=0
BATCH_VALIDATION,BATCH-b10ad322-ce26-4833-8b22-2f2fee796e51,39.89,39.89,0.0,PASS,Duplicate_count=0
BATCH_VALIDATION,BATCH-b1948aa6-c446-4f0f-aec9-71a95e304026,108.1,108.1,0.0,PASS,Duplicate_count=0
BATCH_VALIDATION,BATCH-b1afd4d3-eaff-4e35-9aff-33dba923cb05,117.72,117.72,0.0,PASS,Duplicate_count=0
BATCH_VALIDATION,BATCH-b28c2ad6-b5ae-4be1-9603-90ae41238fb9,51.9,51.9,0.0,PASS,Duplicate_count=0
BATCH_VALIDATION,BATCH-b2b52caf-fffc-435d-b01d-7aa8e8cbd5a0,443.52,443.52,0.0,FAIL,Duplicate_count=1
BATCH_VALIDATION,BATCH-b2d030c1-cce2-40e9-9364-3c14b6ea119b,22.94,22.94,0.0,PASS,Duplicate_count=0
BATCH_VALIDATION,BATCH-b2ea0ab7-c8da-482e-94e4-ab8c439be64b,336.96,336.96,0.0,PASS,Duplicate_count=0
BATCH_VALIDATION,BATCH-b38e3bc3-3236-4079-b29f-295f47023a32,118.94,118.94,0.0,PASS,Duplicate_count=0
BATCH_VALIDATION,BATCH-b3aba330-cfea-49e4-a784-312b12ced4ba,519.95,519.95,0.0,PASS,Duplicate_count=0
BATCH_VALIDATION,BATCH-b3e51ce1-31dc-4f5c-a017-56b957fedc9b,98.14,98.14,0.0,PASS,Duplicate_count=0
BATCH_VALIDATION,BATCH-b41dede0-4a47-4b7b-9013-4462dbe410f4,70.72,70.72,0.0,PASS,Duplicate_count=0
BATCH_VALIDATION,BATCH-b5a3aa25-330a-438c-860a-3750b5fa4aaa,99.52,99.52,0.0,PASS,Duplicate_count=0
BATCH_VALIDATION,BATCH-b5dcd892-5fb4-4210-b48f-41fc68baf437,141.9,141.9,0.0,PASS,Duplicate_count=0
BATCH_VALIDATION,BATCH-b6021ed8-5571-464b-be78-81e66e71d2ce,193.45,193.45,0.0,PASS,Duplicate_count=0
BATCH_VALIDATION,BATCH-b60a5332-64e2-40ec-b4f5-c6f5556d7311,129.76,129.76,0.0,PASS,Duplicate_count=0
BATCH_VALIDATION,BATCH-b67e5aed-378a-466a-aef6-b9e32c546727,11.91,11.91,0.0,PASS,Duplicate_count=0
BATCH_VALIDATION,BATCH-b68e5c8e-58e1-46e0-ac36-7e6bd0e505ce,60.28,60.28,0.0,PASS,Duplicate_count=0
BATCH_VALIDATION,BATCH-b7582883-96a8-4297-8fb0-b60e87f2bb0a,230.86,230.86,0.0,PASS,Duplicate_count=0
BATCH_VALIDATION,BATCH-b7672cc9-a084-4c01-b24e-bbad9c3261b8,84.91,84.91,0.0,PASS,Duplicate_count=0
BATCH_VALIDATION,BATCH-b7b33314-4df3-4805-a164-2096535212fc,5.83,5.83,0.0,PASS,Duplicate_count=0
BATCH_VALIDATION,BATCH-b7cae03a-44af-476a-8474-17a4c29a00fe,140.05,140.05,0.0,PASS,Duplicate_count=0
BATCH_VALIDATION,BATCH-b866d192-8015-44eb-b01c-7c12bf54732d,10.93,10.93,0.0,PASS,Duplicate_count=0
BATCH_VALIDATION,BATCH-b885e9a8-4c31-42bd-ae64-118074134cda,149.04,149.04,0.0,PASS,Duplicate_count=0
BATCH_VALIDATION,BATCH-b8d4158a-277e-48be-8efb-03c5493427d8,87.04,87.04,0.0,PASS,Duplicate_count=0
BATCH_VALIDATION,BATCH-b924e367-d29b-4f8a-bbdb-c6c51c0ec916,134.25,134.25,0.0,PASS,Duplicate_count=0
BATCH_VALIDATION,BATCH-b966e23e-09f2-4023-9f79-3508b5f5ff16,100.54,100.54,0.0,PASS,Duplicate_count=0
BATCH_VALIDATION,BATCH-b975a768-5397-4fba-84cd-802a68456db3,568.45,568.45,0.0,PASS,Duplicate_count=0
BATCH_VALIDATION,BATCH-b9a2878c-d232-4a1f-9e54-a35ad8a777cf,39.05,39.05,0.0,PASS,Duplicate_count=0
BATCH_VALIDATION,BATCH-b9ac8527-3cdb-4c6b-aae5-37b916acc814,66.94,66.94,0.0,FAIL,Duplicate_count=2
BATCH_VALIDATION,BATCH-b9d63ac0-7fbe-41ab-b371-eb9a7c479952,251.68,251.68,0.0,PASS,Duplicate_count=0
BATCH_VALIDATION,BATCH-bae12636-c6fa-4ced-bc2e-be67581bd1aa,97.9,97.9,0.0,PASS,Duplicate_count=0
BATCH_VALIDATION,BATCH-bb9022fe-1735-4ac6-8469-a39597ca8d69,63.27,63.27,0.0,PASS,Duplicate_count=0
BATCH_VALIDATION,BATCH-bc0f94b5-6bb5-4680-9c46-a1c81355b927,63.06,63.06,0.0,PASS,Duplicate_count=0
BATCH_VALIDATION,BATCH-bc83c514-f94a-4c0e-ba9d-028c81d7bde1,13.49,13.49,0.0,PASS,Duplicate_count=0
BATCH_VALIDATION,BATCH-bd0c7e54-c13f-49fa-9090-4ac4d5b61c4c,615.32,615.32,0.0,PASS,Duplicate_count=0
BATCH_VALIDATION,BATCH-bd177ce0-9531-47c9-9218-05c493d83633,588.55,588.55,0.0,FAIL,Duplicate_count=1
BATCH_VALIDATION,BATCH-bd5603c1-eb03-4930-8774-081cfd2a72f4,270.18,270.18,0.0,PASS,Duplicate_count=0
BATCH_VALIDATION,BATCH-bd5b7c36-66d6-45ef-b780-81c235b5332c,154.9,154.9,0.0,PASS,Duplicate_count=0
BATCH_VALIDATION,BATCH-bd8705a4-b8b6-4f70-a8a4-cd3f191557ac,122.27,122.27,0.0,PASS,Duplicate_count=0
BATCH_VALIDATION,BATCH-be0b213a-38cc-4652-9397-3bb35ba7b9ee,32.95,32.95,0.0,PASS,Duplicate_count=0
BATCH_VALIDATION,BATCH-be111fb3-f4b5-4f93-9cc9-b3233d434b6b,63.32,63.32,0.0,PASS,Duplicate_count=0
BATCH_VALIDATION,BATCH-be340323-605b-4608-82bc-e76b3e5b1c45,81.62,81.62,0.0,PASS,Duplicate_count=0
BATCH_VALIDATION,BATCH-beadd52d-035d-4f0b-8c16-466ad937af50,351.87,351.87,0.0,PASS,Duplicate_count=0
BATCH_VALIDATION,BATCH-beb66fc2-32c7-447a-a64b-c8be7a4b1949,338.87,338.87,0.0,PASS,Duplicate_count=0
BATCH_VALIDATION,BATCH-bffa37b0-2da9-4630-ae94-ead6b71f5314,33.59,33.59,0.0,PASS,Duplicate_count=0
BATCH_VALIDATION,BATCH-c01f7b96-6bd0-42a9-b712-60ee6e507d9c,57.62,57.62,0.0,PASS,Duplicate_count=0
BATCH_VALIDATION,BATCH-c074216d-56e7-435b-bbfb-d0c4db0d237e,25.16,25.16,0.0,PASS,Duplicate_count=0
BATCH_VALIDATION,BATCH-c0767e40-48db-4716-ac00-4fcf932c33d2,154.16,154.16,0.0,PASS,Duplicate_count=0
BATCH_VALIDATION,BATCH-c0c43165-7d95-422b-9235-09fd922ea004,182.63,182.63,0.0,PASS,Duplicate_count=0
BATCH_VALIDATION,BATCH-c0dc09ef-167f-422f-a586-f148e423ebdb,63.85,63.85,0.0,PASS,Duplicate_count=0
BATCH_VALIDATION,BATCH-c19634d1-071c-4b31-bcb9-47b9e84d50dd,18.54,18.54,0.0,PASS,Duplicate_count=0
BATCH_VALIDATION,BATCH-c1e3870f-c7c0-4b79-8369-4030856074a0,31.8,31.8,0.0,PASS,Duplicate_count=0
BATCH_VALIDATION,BATCH-c2212865-1419-44f9-8472-c46ed3e44229,190.58,190.58,0.0,PASS,Duplicate_count=0
BATCH_VALIDATION,BATCH-c287bfaf-c5bb-44f8-b807-0e6759cc53ac,125.4,125.4,0.0,PASS,Duplicate_count=0
BATCH_VALIDATION,BATCH-c2b647f2-19a5-40aa-8a37-b7fac1e1f67b,58.23,58.23,0.0,PASS,Duplicate_count=0
BATCH_VALIDATION,BATCH-c3bf5c21-f358-4df1-aa8d-5c11473bfd07,120.42,120.42,0.0,PASS,Duplicate_count=0
BATCH_VALIDATION,BATCH-c3c2c6f0-592e-4f89-9732-9a9ef039e96f,157.76,157.76,0.0,PASS,Duplicate_count=0
BATCH_VALIDATION,BATCH-c3d02579-7acd-42d0-9238-1df863260f99,181.12,181.12,0.0,PASS,Duplicate_count=0
BATCH_VALIDATION,BATCH-c5325ddc-f953-41b0-8533-072292ad97f1,22.07,22.07,0.0,PASS,Duplicate_count=0
BATCH_VALIDATION,BATCH-c55e343e-88d8-4c42-b6d9-ccaa7b48c828,11.63,11.63,0.0,PASS,Duplicate_count=0
BATCH_VALIDATION,BATCH-c563ee84-0c27-4eec-a8cd-57e42114ddcd,218.77,218.77,0.0,PASS,Duplicate_count=0
BATCH_VALIDATION,BATCH-c5a38f9b-e1e2-4c9b-a567-2ee271bb2213,91.54,91.54,0.0,PASS,Duplicate_count=0
BATCH_VALIDATION,BATCH-c5d202fb-3833-4fa7-9277-17f6dff67724,53.65,53.65,0.0,PASS,Duplicate_count=0
BATCH_VALIDATION,BATCH-c5fc9416-b8c3-4b89-a672-0b62a4b2b601,171.68,171.68,0.0,PASS,Duplicate_count=0
BATCH_VALIDATION,BATCH-c626ce60-894e-4716-b04c-594d3e091133,652.7,652.7,0.0,PASS,Duplicate_count=0
BATCH_VALIDATION,BATCH-c658c67e-0adb-46c9-ac36-bbe18a045a83,41.82,41.82,0.0,FAIL,Duplicate_count=1
BATCH_VALIDATION,BATCH-c67c4754-5692-485e-b663-51bf63b8ac9f,161.48,161.48,0.0,PASS,Duplicate_count=0
BATCH_VALIDATION,BATCH-c6c8cc3d-ddbc-44ac-84ae-00329ece720a,218.61,218.61,0.0,PASS,Duplicate_count=0
BATCH_VALIDATION,BATCH-c6eb9799-e701-4754-a1d9-17c8554b64c9,5.47,5.47,0.0,PASS,Duplicate_count=0
BATCH_VALIDATION,BATCH-c74b610d-23c4-44cd-9070-5e95e0c746b8,151.61,151.61,0.0,PASS,Duplicate_count=0
BATCH_VALIDATION,BATCH-c78b0523-069b-4d03-8865-67b035fc7505,163.46,163.46,0.0,PASS,Duplicate_count=0
BATCH_VALIDATION,BATCH-c7a2ef8b-6de8-4562-9c2c-b4d33029eace,61.47,61.47,0.0,PASS,Duplicate_count=0
BATCH_VALIDATION,BATCH-c87da240-d438-402d-990a-a89c0d38b568,228.79,228.79,0.0,PASS,Duplicate_count=0
BATCH_VALIDATION,BATCH-c8b5aad5-6642-456c-ba38-e3e4c76b8452,105.34,105.34,0.0,PASS,Duplicate_count=0
BATCH_VALIDATION,BATCH-ca248434-5a9d-48a6-9fa7-21a3f4fb1e71,141.07,141.07,0.0,PASS,Duplicate_count=0
BATCH_VALIDATION,BATCH-ca3d7eb5-539d-4957-9861-4b4f7d89b088,4.15,4.15,0.0,PASS,Duplicate_count=0
BATCH_VALIDATION,BATCH-ca40bbb2-ef56-4fc3-9f73-2b0c78662db2,56.94,56.94,0.0,PASS,Duplicate_count=0
BATCH_VALIDATION,BATCH-ca441141-9ac3-4e55-a2cd-823f58d7b176,240.96,240.96,0.0,PASS,Duplicate_count=0
BATCH_VALIDATION,BATCH-ca7eca27-0eee-4884-a45e-bb14f874c468,131.6,131.6,0.0,PASS,Duplicate_count=0
BATCH_VALIDATION,BATCH-cad86dc8-1c45-4ce8-9ca0-44d82470b0a9,74.31,74.31,0.0,PASS,Duplicate_count=0
BATCH_VALIDATION,BATCH-cb1c4b67-56d0-4881-8349-a253bc4a0a32,57.32,57.32,0.0,PASS,Duplicate_count=0
BATCH_VALIDATION,BATCH-cb7eab1b-fe84-4601-8715-dda36551f281,20.71,20.71,0.0,PASS,Duplicate_count=0
BATCH_VALIDATION,BATCH-cbbf4826-e949-4570-b47a-7d334edc5b78,35.92,35.92,0.0,PASS,Duplicate_count=0
BATCH_VALIDATION,BATCH-cccfc006-6081-43e5-b583-30bf27efd93c,95.87,95.87,0.0,PASS,Duplicate_count=0
BATCH_VALIDATION,BATCH-ccf65be6-848f-4612-b2f8-13892dce2fba,1470.25,1470.25,0.0,PASS,Duplicate_count=0
BATCH_VALIDATION,BATCH-cd479f22-947b-42b1-a7d2-d311e36edf97,180.72,180.72,0.0,PASS,Duplicate_count=0
BATCH_VALIDATION,BATCH-cd91692f-1d8d-4b9e-9e5b-64025bd4637a,130.9,130.9,0.0,PASS,Duplicate_count=0
BATCH_VALIDATION,BATCH-cda80b38-75d6-4f5a-8afe-f8d75da0ace0,23.55,23.55,0.0,PASS,Duplicate_count=0
BATCH_VALIDATION,BATCH-ce359385-116c-42f9-ac9a-c2d626ea0ee7,30.18,30.18,0.0,PASS,Duplicate_count=0
BATCH_VALIDATION,BATCH-ce7cbb11-e571-4dd3-9bb0-6abc9c9da921,139.57,139.57,0.0,PASS,Duplicate_count=0
BATCH_VALIDATION,BATCH-cecb6673-9b66-4cfc-81e9-494fb39a7254,32.65,32.65,0.0,PASS,Duplicate_count=0
BATCH_VALIDATION,BATCH-cf1b7e3f-ea31-4e89-b789-129434f03dc8,36.44,36.44,0.0,PASS,Duplicate_count=0
BATCH_VALIDATION,BATCH-cf958410-e6cc-44ec-886f-8815ebf0e4b9,26.61,26.61,0.0,PASS,Duplicate_count=0
BATCH_VALIDATION,BATCH-d0c690cc-7845-4782-bf1c-97e6143a7c63,3.64,3.64,0.0,PASS,Duplicate_count=0
BATCH_VALIDATION,BATCH-d0e16da6-313a-4d7d-877d-1e55e9ef8c36,246.1,246.1,0.0,PASS,Duplicate_count=0
BATCH_VALIDATION,BATCH-d0ecb687-a3e4-44af-ad0a-78782145a70c,147.92,147.92,0.0,PASS,Duplicate_count=0
BATCH_VALIDATION,BATCH-d0f579fc-d349-4e0e-baa5-bec6ba1c7679,519.78,519.78,0.0,PASS,Duplicate_count=0
BATCH_VALIDATION,BATCH-d10e9d2a-7eec-4559-8b93-34f8e3d83dd7,738.36,738.36,0.0,PASS,Duplicate_count=0
BATCH_VALIDATION,BATCH-d1d03b75-bdff-4a87-9373-8306169f11b3,67.08,67.08,0.0,PASS,Duplicate_count=0
BATCH_VALIDATION,BATCH-d1ee8703-8773-44a5-a692-0d9ba8191e6f,521.11,521.11,0.0,PASS,Duplicate_count=0
BATCH_VALIDATION,BATCH-d2148163-727b-4cd6-83da-e2e0203b0c54,15.41,15.41,0.0,PASS,Duplicate_count=0
BATCH_VALIDATION,BATCH-d2b5b613-1b48-44e8-a6e6-68632d32ba9d,124.12,124.12,0.0,PASS,Duplicate_count=0
BATCH_VALIDATION,BATCH-d2f60705-81ed-4143-8292-4952a0f5ae6b,529.08,529.08,0.0,PASS,Duplicate_count=0
BATCH_VALIDATION,BATCH-d3515499-1eab-4755-99bb-d04e91db8f78,82.85,82.85,0.0,PASS,Duplicate_count=0
BATCH_VALIDATION,BATCH-d3cd0ed1-5049-42ad-8403-bcfc76fc7f6e,200.32,200.32,0.0,PASS,Duplicate_count=0
BATCH_VALIDATION,BATCH-d3f165dd-5b45-4889-b907-174796ceda5f,196.51,196.51,0.0,PASS,Duplicate_count=0
BATCH_VALIDATION,BATCH-d46647d9-3219-4092-a264-f459f7a8f52d,237.08,237.08,0.0,PASS,Duplicate_count=0
BATCH_VALIDATION,BATCH-d4c9a258-8068-4d17-85a7-e1760a50eda0,60.18,60.18,0.0,PASS,Duplicate_count=0
BATCH_VALIDATION,BATCH-d4dab934-a93b-48ae-b30d-7213bfdb07e3,147.48,147.48,0.0,FAIL,Duplicate_count=2
BATCH_VALIDATION,BATCH-d4e2803b-1f29-48e4-b170-b78b9e9d009c,245.42,245.42,0.0,PASS,Duplicate_count=0
BATCH_VALIDATION,BATCH-d4f81036-4139-4912-a73c-c1432ec741eb,339.4,339.4,0.0,PASS,Duplicate_count=0
BATCH_VALIDATION,BATCH-d4fdfc2a-d865-42f0-b9c1-d210ace129e5,13.65,13.65,0.0,PASS,Duplicate_count=0
BATCH_VALIDATION,BATCH-d50a3d57-092d-4b79-9da3-2316cb0bf3ce,48.07,48.07,0.0,PASS,Duplicate_count=0
BATCH_VALIDATION,BATCH-d52229f0-0848-4762-8d57-ef62a93a69bc,276.62,276.62,0.0,PASS,Duplicate_count=0
BATCH_VALIDATION,BATCH-d5e77448-b5ee-4c9a-990b-f860170b3fd8,23.49,23.49,0.0,PASS,Duplicate_count=0
BATCH_VALIDATION,BATCH-d63893db-8cd1-473b-ad30-4f16e83bc6fb,382.61,382.61,0.0,PASS,Duplicate_count=0
BATCH_VALIDATION,BATCH-d6a9acbd-2953-43e6-86c5-d1f56c09e33d,117.21,117.21,0.0,FAIL,Duplicate_count=1
BATCH_VALIDATION,BATCH-d77813ac-a0a8-45a5-b38d-52496e79eec1,36.94,36.94,0.0,PASS,Duplicate_count=0
BATCH_VALIDATION,BATCH-d7a1a568-639b-4761-81fa-0d39e0093fc7,504.5,504.5,0.0,PASS,Duplicate_count=0
BATCH_VALIDATION,BATCH-d7fb1b03-2405-42d7-84b8-48e93ad19686,299.86,299.86,0.0,PASS,Duplicate_count=0
BATCH_VALIDATION,BATCH-d81206f8-952e-48ef-8af4-ed928de3eca2,250.02,250.02,0.0,PASS,Duplicate_count=0
BATCH_VALIDATION,BATCH-d8199838-d117-4c32-bcb2-93840be6139d,766.78,766.78,0.0,PASS,Duplicate_count=0
BATCH_VALIDATION,BATCH-d8570f6e-4a88-40d5-acd2-250ca52709d2,33.56,33.56,0.0,PASS,Duplicate_count=0
BATCH_VALIDATION,BATCH-d8d1c036-c68f-48ef-9fac-f5fe70e00800,132.06,132.06,0.0,PASS,Duplicate_count=0
BATCH_VALIDATION,BATCH-d8d362dc-81f4-4d02-afe6-a309955ec31b,502.63,502.63,0.0,PASS,Duplicate_count=0
BATCH_VALIDATION,BATCH-d9259a51-927c-46ed-92f7-2308bcfc8af1,147.36,147.36,0.0,FAIL,Duplicate_count=2
BATCH_VALIDATION,BATCH-d9351aa2-2881-452c-a82c-b002213205c4,18.33,18.33,0.0,PASS,Duplicate_count=0
BATCH_VALIDATION,BATCH-d9fb2101-1ed8-448f-84fc-7d806af59087,8.81,8.81,0.0,PASS,Duplicate_count=0
BATCH_VALIDATION,BATCH-da300901-caa2-4ebc-8840-d169fc009a93,339.52,339.52,0.0,PASS,Duplicate_count=0
BATCH_VALIDATION,BATCH-da8956aa-2bd3-43ad-a307-9c4ab75a1135,1.13,1.13,0.0,PASS,Duplicate_count=0
BATCH_VALIDATION,BATCH-daeff31f-c687-4109-a83f-db0a7e4fcfa2,36.52,36.52,0.0,PASS,Duplicate_count=0
BATCH_VALIDATION,BATCH-dbbd0bfb-b38a-4104-a268-cf6fdb92ee77,48.68,48.68,0.0,PASS,Duplicate_count=0
BATCH_VALIDATION,BATCH-dbc47afc-adf3-4a37-ae48-5d86cd7f1524,39.4,39.4,0.0,PASS,Duplicate_count=0
BATCH_VALIDATION,BATCH-dc23a01e-c0cc-429b-8c9a-8ae1f0b0ef42,20.22,20.22,0.0,PASS,Duplicate_count=0
BATCH_VALIDATION,BATCH-dc3e24d1-f1b8-487c-86ce-57722aaee0c4,11.28,11.28,0.0,PASS,Duplicate_count=0
BATCH_VALIDATION,BATCH-dca549ff-5c4d-4f25-9167-00058d5930a3,36.88,36.88,0.0,PASS,Duplicate_count=0
BATCH_VALIDATION,BATCH-dd6bd239-4632-49d0-a88e-35d5a08b1364,127.35,127.35,0.0,PASS,Duplicate_count=0
BATCH_VALIDATION,BATCH-de14291f-3516-4cd8-a423-a0844e9bf76b,136.9,136.9,0.0,PASS,Duplicate_count=0
BATCH_VALIDATION,BATCH-dece6c64-593a-449e-ad89-ea7ad36242d1,120.3,120.3,0.0,FAIL,Duplicate_count=2
BATCH_VALIDATION,BATCH-df065351-bffb-416d-bbd9-ad8efc98770d,93.83,93.83,0.0,PASS,Duplicate_count=0
BATCH_VALIDATION,BATCH-df33cca0-f7de-4b6e-8523-f346286399c0,1157.67,1157.67,0.0,PASS,Duplicate_count=0
BATCH_VALIDATION,BATCH-e008df0c-5906-4e8d-ae48-a910eb9cac9b,173.84,173.84,0.0,PASS,Duplicate_count=0
BATCH_VALIDATION,BATCH-e033deb2-d626-481d-be7f-1a59eb96e3b9,16.44,16.44,0.0,PASS,Duplicate_count=0
BATCH_VALIDATION,BATCH-e06b74dc-5aaf-4b27-919b-e93ebffea1ed,1643.36,1643.36,0.0,PASS,Duplicate_count=0
BATCH_VALIDATION,BATCH-e0951281-5fbe-47df-9e30-5cf92cc80385,60.23,60.23,0.0,PASS,Duplicate_count=0
BATCH_VALIDATION,BATCH-e0a04004-beff-468f-9bcd-7098f323a40e,96.78,96.78,0.0,PASS,Duplicate_count=0
BATCH_VALIDATION,BATCH-e0df6dcb-45b5-4ce9-a9ed-4ce116b772f3,76.91,76.91,0.0,PASS,Duplicate_count=0
BATCH_VALIDATION,BATCH-e0e93a46-a795-4e7b-be7f-74b1c79b4df2,125.68,125.68,0.0,PASS,Duplicate_count=0
BATCH_VALIDATION,BATCH-e1305335-850e-429b-b0b0-57aee4cc7afd,40.67,40.67,0.0,PASS,Duplicate_count=0
BATCH_VALIDATION,BATCH-e196ca33-0d3d-486e-ae3f-2c4867ea4813,74.36,74.36,0.0,PASS,Duplicate_count=0
BATCH_VALIDATION,BATCH-e346f7ea-667a-4962-83f6-db755417a9a2,35.03,35.03,0.0,PASS,Duplicate_count=0
BATCH_VALIDATION,BATCH-e4040c7f-e6c0-4794-92ad-9ffe5c5cbe51,127.32,127.32,0.0,PASS,Duplicate_count=0
BATCH_VALIDATION,BATCH-e40f0748-57a8-4dc0-aa59-4163d5ac4a3d,40.0,40.0,0.0,PASS,Duplicate_count=0
BATCH_VALIDATION,BATCH-e434d6e2-8556-4d5b-ac9c-71319ac7376b,22.31,22.31,0.0,PASS,Duplicate_count=0
BATCH_VALIDATION,BATCH-e4635e1f-98ba-4c5f-9085-5a3c9105010b,59.93,59.93,0.0,PASS,Duplicate_count=0
BATCH_VALIDATION,BATCH-e4d121be-753e-4b26-bab6-8ac7be28318f,68.68,68.68,0.0,PASS,Duplicate_count=0
BATCH_VALIDATION,BATCH-e5a956c7-9701-4e3a-9bef-25de9b5fa0f5,12.95,12.95,0.0,FAIL,Duplicate_count=1
BATCH_VALIDATION,BATCH-e6b32e34-6ea7-4dff-a6b5-9bb67f481d59,51.12,51.12,0.0,PASS,Duplicate_count=0
BATCH_VALIDATION,BATCH-e70da13d-179f-4972-b716-e1320374ff8c,159.12,159.12,0.0,PASS,Duplicate_count=0
BATCH_VALIDATION,BATCH-e7248470-8864-4ad6-8242-93be585d7099,243.57,243.57,0.0,PASS,Duplicate_count=0
BATCH_VALIDATION,BATCH-e7253645-8965-460d-9a4d-5da9d1238531,44.99,44.99,0.0,PASS,Duplicate_count=0
BATCH_VALIDATION,BATCH-e755254d-9157-44ac-9dce-30a3f18c1c41,79.51,79.51,0.0,PASS,Duplicate_count=0
BATCH_VALIDATION,BATCH-e77175c5-cacf-4530-8577-0cab1201fa19,14.97,14.97,0.0,PASS,Duplicate_count=0
BATCH_VALIDATION,BATCH-e79cf157-0b1a-40dd-9f63-f6d1d70abf0e,63.4,63.4,0.0,PASS,Duplicate_count=0
BATCH_VALIDATION,BATCH-e7c9b677-d62a-4cda-ad23-b3b9b71f45cd,100.47,100.47,0.0,PASS,Duplicate_count=0
BATCH_VALIDATION,BATCH-e861a81d-4bfd-43d0-b4d5-398470de48d8,9.42,9.42,0.0,PASS,Duplicate_count=0
BATCH_VALIDATION,BATCH-e9099194-0f28-4232-8463-9effccd736cb,225.92,225.92,0.0,PASS,Duplicate_count=0
BATCH_VALIDATION,BATCH-e929556d-8518-407d-a950-74fa9ebc427a,15.3,15.3,0.0,PASS,Duplicate_count=0
BATCH_VALIDATION,BATCH-e98fa8ee-3d2d-491e-9b38-bf6e9e399664,778.3,778.3,0.0,PASS,Duplicate_count=0
BATCH_VALIDATION,BATCH-e9ab1672-cbc4-411d-bb66-bdb3c45df19d,10.55,10.55,0.0,PASS,Duplicate_count=0
BATCH_VALIDATION,BATCH-ea3ab018-6efe-459a-b5e6-f6ced95f08ad,10.6,10.6,0.0,PASS,Duplicate_count=0
BATCH_VALIDATION,BATCH-ea96b7d9-d1a8-4cce-8233-a59022d9b38f,96.08,96.08,0.0,PASS,Duplicate_count=0
BATCH_VALIDATION,BATCH-eb122adc-8764-40e2-abaa-fbf54aa0337b,25.82,25.82,0.0,PASS,Duplicate_count=0
BATCH_VALIDATION,BATCH-ec5a25a9-cb07-4fb6-b614-09c0bd94249a,169.91,169.91,0.0,PASS,Duplicate_count=0
BATCH_VALIDATION,BATCH-ed08a812-c815-4e42-a282-25f12ab34ab5,27.54,27.54,0.0,PASS,Duplicate_count=0
BATCH_VALIDATION,BATCH-ed55b8ac-7833-42bb-aa7c-2ff46bf032d5,134.69,134.69,0.0,PASS,Duplicate_count=0
BATCH_VALIDATION,BATCH-ed896664-9544-4551-8ec3-f055304a5efe,41.78,41.78,0.0,PASS,Duplicate_count=0
BATCH_VALIDATION,BATCH-edd4f9b2-5eb3-4a73-bd8c-84f28de70c27,82.97,82.97,0.0,PASS,Duplicate_count=0
BATCH_VALIDATION,BATCH-ede63801-9e5a-45d9-bf81-2b3b4426df7b,60.26,60.26,0.0,PASS,Duplicate_count=0
BATCH_VALIDATION,BATCH-eea6d94b-145e-4b8f-b178-b1d01d716993,22.47,22.47,0.0,PASS,Duplicate_count=0
BATCH_VALIDATION,BATCH-ef22ecba-262c-4be7-8191-b0532ac55d7d,30.02,30.02,0.0,PASS,Duplicate_count=0
BATCH_VALIDATION,BATCH-ef2a6f04-ca30-4923-ad3b-da14af0e4e0d,23.65,23.65,0.0,PASS,Duplicate_count=0
BATCH_VALIDATION,BATCH-ef5ba04c-a6a4-45d2-95bd-765fdae49625,243.13,243.13,0.0,PASS,Duplicate_count=0
BATCH_VALIDATION,BATCH-efdc3575-89f6-4b87-815f-cb7d9464d21e,55.23,55.23,0.0,PASS,Duplicate_count=0
BATCH_VALIDATION,BATCH-eff3f09e-a63e-471d-a584-769a1dd9b4ce,31.02,31.02,0.0,PASS,Duplicate_count=0
BATCH_VALIDATION,BATCH-f0112253-4e78-4eba-b5f6-09b93d1758d1,137.29,137.29,0.0,PASS,Duplicate_count=0
BATCH_VALIDATION,BATCH-f0334569-54ce-4dfe-8a4b-de1990c3b2d7,127.39,127.39,0.0,PASS,Duplicate_count=0
BATCH_VALIDATION,BATCH-f0500530-7dd5-462d-a79f-e8fd3d39e74a,150.58,150.58,0.0,PASS,Duplicate_count=0
BATCH_VALIDATION,BATCH-f061363b-161b-4895-b975-f956412f27c8,67.88,67.88,0.0,FAIL,Duplicate_count=2
BATCH_VALIDATION,BATCH-f16f1bd8-6470-4cc0-a931-39719c300a21,155.21,155.21,0.0,PASS,Duplicate_count=0
BATCH_VALIDATION,BATCH-f1cd2872-f7bf-4fd0-837f-c4a05f27d252,94.32,94.32,0.0,PASS,Duplicate_count=0
BATCH_VALIDATION,BATCH-f1e4a01c-8478-4991-9670-799595214137,170.05,170.05,0.0,PASS,Duplicate_count=0
BATCH_VALIDATION,BATCH-f1f2f75a-0ea2-47f4-a4a4-a842a1a470de,507.62,507.62,0.0,FAIL,Duplicate_count=2
BATCH_VALIDATION,BATCH-f22881bc-4d5b-418a-850a-52070d366a76,30.79,30.79,0.0,PASS,Duplicate_count=0
BATCH_VALIDATION,BATCH-f2806ed3-61dc-427a-9e13-4da00477f002,33.11,33.11,0.0,PASS,Duplicate_count=0
BATCH_VALIDATION,BATCH-f398a4db-40b7-4faf-843f-2642252f7cc5,92.41,92.41,0.0,PASS,Duplicate_count=0
BATCH_VALIDATION,BATCH-f427fe6a-3730-46a0-9993-df0b94d8fba8,48.15,48.15,0.0,PASS,Duplicate_count=0
BATCH_VALIDATION,BATCH-f4aa1a02-d28c-4b2a-9f30-f5b682369390,43.18,43.18,0.0,PASS,Duplicate_count=0
BATCH_VALIDATION,BATCH-f4b415e1-32ac-49b7-b420-6cb00c0dbb0d,14.84,14.84,0.0,PASS,Duplicate_count=0
BATCH_VALIDATION,BATCH-f4f5c548-24b6-47cd-b61b-05120ea6b819,1109.65,1109.65,0.0,PASS,Duplicate_count=0
BATCH_VALIDATION,BATCH-f515bf8d-caa0-41cc-aae8-3211ed121035,1057.02,1057.02,0.0,PASS,Duplicate_count=0
BATCH_VALIDATION,BATCH-f56154b3-885e-47fd-ab71-8350b3efb7b4,75.09,75.09,0.0,PASS,Duplicate_count=0
BATCH_VALIDATION,BATCH-f5f58603-90f7-4b63-9ebb-6c0600dbe93f,2.57,2.57,0.0,PASS,Duplicate_count=0
BATCH_VALIDATION,BATCH-f6552811-39d2-4d5e-ac95-0e08432c9ffc,172.32,172.32,0.0,PASS,Duplicate_count=0
BATCH_VALIDATION,BATCH-f66358b7-2da8-4841-adb1-c43a7dd5cc3d,28.32,28.32,0.0,PASS,Duplicate_count=0
BATCH_VALIDATION,BATCH-f70ad9be-6eb0-47ba-a205-fe26a4b46c08,210.23,210.23,0.0,PASS,Duplicate_count=0
BATCH_VALIDATION,BATCH-f72d9711-e9b1-4252-a226-dee767ea1229,800.76,800.76,0.0,PASS,Duplicate_count=0
BATCH_VALIDATION,BATCH-f73e9994-1960-4c10-9b06-704023ab81a3,98.16,98.16,0.0,FAIL,Duplicate_count=1
BATCH_VALIDATION,BATCH-f7511694-a95a-4a02-af71-205067cb8a97,44.11,44.11,0.0,PASS,Duplicate_count=0
BATCH_VALIDATION,BATCH-f7a3841f-12d5-4fba-baca-62d7f6771f45,76.66,76.66,0.0,PASS,Duplicate_count=0
BATCH_VALIDATION,BATCH-f817f49d-3380-49c6-a079-1f35a357c29e,1066.73,1066.73,0.0,FAIL,Duplicate_count=1
BATCH_VALIDATION,BATCH-f858849b-dd84-412d-947e-da5667d9f55d,11.82,11.82,0.0,PASS,Duplicate_count=0
BATCH_VALIDATION,BATCH-f88da538-7c77-4c55-9593-ee33f038502e,59.66,59.66,0.0,PASS,Duplicate_count=0
BATCH_VALIDATION,BATCH-f8c8c52b-0791-4bce-a695-d2b3aec213f2,80.48,80.48,0.0,PASS,Duplicate_count=0
BATCH_VALIDATION,BATCH-f8d9eea2-0658-4484-9639-8f8c89560654,46.18,46.18,0.0,PASS,Duplicate_count=0
BATCH_VALIDATION,BATCH-f9f4a904-1dca-4e9f-addf-8925d3ffe047,109.65,109.65,0.0,PASS,Duplicate_count=0
BATCH_VALIDATION,BATCH-fa2bb32e-cd0e-4dd4-accf-27f87eb90174,69.0,69.0,0.0,PASS,Duplicate_count=0
BATCH_VALIDATION,BATCH-fa3611ba-a36c-42f6-b095-7e0aba3fe0e7,27.04,27.04,0.0,PASS,Duplicate_count=0
BATCH_VALIDATION,BATCH-fa9cc915-ac2d-4549-8091-c98f8f196f8d,20.91,20.91,0.0,PASS,Duplicate_count=0
BATCH_VALIDATION,BATCH-fac7a4a9-c27b-4685-8017-7f74edee1088,27.91,27.91,0.0,PASS,Duplicate_count=0
BATCH_VALIDATION,BATCH-fb49db57-dcd8-4e88-974c-5b2e41e9280b,861.44,861.44,0.0,PASS,Duplicate_count=0
BATCH_VALIDATION,BATCH-fb4db0cc-ca0b-4c30-813d-79dfabfe9f3f,6.07,6.07,0.0,PASS,Duplicate_count=0
BATCH_VALIDATION,BATCH-fb66c20b-26e4-482c-96b1-f0d89a5262ab,93.55,93.55,0.0,PASS,Duplicate_count=0
BATCH_VALIDATION,BATCH-fb791896-8f9c-4e4d-a277-b55eb28ad129,11.65,11.65,0.0,PASS,Duplicate_count=0
BATCH_VALIDATION,BATCH-fb7a6252-d040-4472-9015-043c80a300a8,74.05,74.05,0.0,PASS,Duplicate_count=0
BATCH_VALIDATION,BATCH-fc029f1f-7dda-4571-9075-2ae63a2a1ac1,202.76,202.76,0.0,FAIL,Duplicate_count=2
BATCH_VALIDATION,BATCH-fc33500c-d28b-4884-a53a-d21750ad0372,56.34,56.34,0.0,PASS,Duplicate_count=0
BATCH_VALIDATION,BATCH-fccc2bb9-03e3-48f2-a0bc-15ef25707102,125.74,125.74,0.0,PASS,Duplicate_count=0
BATCH_VALIDATION,BATCH-fda7974f-0423-4432-b7de-30ef36b05eed,19.43,19.43,0.0,PASS,Duplicate_count=0
BATCH_VALIDATION,BATCH-fe0edd1b-95ab-48d6-b832-22ab3e7944b4,33.13,33.13,0.0,PASS,Duplicate_count=0
BATCH_VALIDATION,BATCH-fe9542e8-df64-4169-b788-344058fb8229,263.23,263.23,0.0,FAIL,Duplicate_count=1
BATCH_VALIDATION,BATCH-feb5dfb2-3496-4b00-9612-864935f925ef,108.47,108.47,0.0,PASS,Duplicate_count=0
BATCH_VALIDATION,BATCH-fefce479-1877-478a-970a-708c12400008,195.78,195.78,0.0,PASS,Duplicate_count=0
BATCH_VALIDATION,BATCH-ff7cacce-0e76-420e-a738-45f352e63c20,48.33,48.33,0.0,PASS,Duplicate_count=0
BATCH_VALIDATION,BATCH-ff9a71c7-8ffe-477e-91d0-3f246058052f,292.74,292.74,0.0,PASS,Duplicate_count=0
BATCH_VALIDATION,BATCH-ffddd97b-d899-489e-8f45-5b8738ba8101,86.18,86.18,0.0,FAIL,Duplicate_count=2
OVERALL_RECONCILIATION_RATE,overall,897.0,853.0,44.0,PASS,Reconciliation rate 0.9509
